date,dst,excluded
2018-01-01,-12.849300888959712,False
2018-01-02,-28.158246201997372,False
2018-01-03,-24.0529833884102,False
2018-01-04,-24.436539682618804,False
2018-01-05,-10.781041901057963,False
2018-01-06,-10.556310064660499,False
2018-01-07,-6.54995764915552,False
2018-01-08,-7.4913073650986055,False
2018-01-09,-11.637918452784312,False
2018-01-10,-16.561328140645795,False
2018-01-11,-16.546349611187015,False
2018-01-12,-17.748740699266737,False
2018-01-13,-23.548190906648077,False
2018-01-14,-28.584943222419184,False
2018-01-15,-31.801942425647212,False
2018-01-16,-28.200145928353717,False
2018-01-17,-20.043485267920488,False
2018-01-18,-21.42643145304144,False
2018-01-19,-23.024321777044914,False
2018-01-20,-18.41871603173979,False
2018-01-21,-15.68972493160109,False
2018-01-22,-9.770397307508228,False
2018-01-23,-21.331985128048274,False
2018-01-24,-22.606410824202857,False
2018-01-25,-22.43283328411509,False
2018-01-26,-21.337814848950472,False
2018-01-27,-17.657491877467056,False
2018-01-28,-20.503736995981743,False
2018-01-29,-30.950039580106633,False
2018-01-30,-34.85965810240691,False
2018-01-31,-25.047990604695936,False
2018-02-01,-10.05170260983357,False
2018-02-02,-11.875719876739582,False
2018-02-03,-15.99465296636258,False
2018-02-04,-20.824038667294932,False
2018-02-05,-15.757740571452308,False
2018-02-06,-26.886600715384166,False
2018-02-07,-27.315970311093803,False
2018-02-08,-27.363979747636325,False
2018-02-09,-16.571432932135586,False
2018-02-10,-10.573215611781983,False
2018-02-11,-32.628689385733914,False
2018-02-12,-36.78697048807271,False
2018-02-13,-43.386531574302296,False
2018-02-14,-24.997879577405698,False
2018-02-15,-25.636019878887694,False
2018-02-16,-49.23590671106849,False
2018-02-17,-44.98205671921581,False
2018-02-18,-50.19166225682759,True
2018-02-19,-19.38135158559791,False
2018-02-20,-22.296153865537022,False
2018-02-21,-17.951681245309924,False
2018-02-22,-44.98185359669878,False
2018-02-23,-39.317526385049696,False
2018-02-24,-32.88471790736107,False
2018-02-25,-10.507751526441956,False
2018-02-26,-15.86859911983062,False
2018-02-27,-18.268665870681158,False
2018-02-28,-11.009615269301165,False
2018-03-01,-11.689462717277467,False
2018-03-02,-13.757152349546992,False
2018-03-03,-22.084672754060545,False
2018-03-04,-24.952802299002062,False
2018-03-05,-20.960063102770004,False
2018-03-06,-11.1097630924626,False
2018-03-07,-6.612977082461252,False
2018-03-08,-5.8489487804699465,False
2018-03-09,-9.827364794562703,False
2018-03-10,-12.119803326661865,False
2018-03-11,-14.688352496196307,False
2018-03-12,-9.982750330522965,False
2018-03-13,-7.545575468542274,False
2018-03-14,-2.7325832673199044,False
2018-03-15,-19.363709949542756,False
2018-03-16,-15.932795775602058,False
2018-03-17,-41.40733516549688,False
2018-03-18,-32.12438415100137,False
2018-03-19,-35.044951062360255,False
2018-03-20,-23.779261954125033,False
2018-03-21,-23.461920103611607,False
2018-03-22,-22.400512923706632,False
2018-03-23,-8.538661086337,False
2018-03-24,-9.733054408081541,False
2018-03-25,-14.395479105701277,False
2018-03-26,-22.314083459005484,False
2018-03-27,-16.5793941151026,False
2018-03-28,-12.030415264891111,False
2018-03-29,-12.14242790562112,False
2018-03-30,-13.750966643975994,False
2018-03-31,-14.67766088522257,False
2018-04-01,-8.684040108022858,False
2018-04-02,-13.545322215985692,False
2018-04-03,-41.988001383020375,False
2018-04-04,-47.43101395768056,False
2018-04-05,-50.47686137469962,True
2018-04-06,-21.238011296798806,False
2018-04-07,-18.625357595550614,False
2018-04-08,-12.750843976452297,False
2018-04-09,-14.873673618211187,False
2018-04-10,-21.579377675132402,False
2018-04-11,-23.282412792763683,False
2018-04-12,-23.71492232537017,False
2018-04-13,-21.26254843405499,False
2018-04-14,-20.225109989657593,False
2018-04-15,-17.23804849629236,False
2018-04-16,-6.484195814563765,False
2018-04-17,-5.140741716572372,False
2018-04-18,-5.726743580939469,False
2018-04-19,-13.569270848846259,False
2018-04-20,-21.94266696136978,False
2018-04-21,-23.078924026057706,False
2018-04-22,-22.54021952322893,False
2018-04-23,-5.0121662120916195,False
2018-04-24,-5.6755545694192415,False
2018-04-25,-4.7102860398488975,False
2018-04-26,-14.702101568611015,False
2018-04-27,-18.607369859964653,False
2018-04-28,-15.242267971239022,False
2018-04-29,-12.095688761670951,False
2018-04-30,-4.256848823020635,False
2018-05-01,-12.46568990025967,False
2018-05-02,-9.862244787262371,False
2018-05-03,-30.539053801845114,False
2018-05-04,-24.554075607465077,False
2018-05-05,-21.40343034796956,False
2018-05-06,-7.852894422081758,False
2018-05-07,-12.465513715693925,False
2018-05-08,-20.828730758583276,False
2018-05-09,-18.88048807452532,False
2018-05-10,-22.817950880378763,False
2018-05-11,-22.942304441505218,False
2018-05-12,-25.177616679944844,False
2018-05-13,-17.080593233139584,False
2018-05-14,-21.032542069298906,False
2018-05-15,-10.583589594324328,False
2018-05-16,-15.610972486210004,False
2018-05-17,-13.221521614097492,False
2018-05-18,-16.167190364688974,False
2018-05-19,-17.957634461079845,False
2018-05-20,-15.759548657840625,False
2018-05-21,-45.6402619668807,False
2018-05-22,-47.14673763938979,False
2018-05-23,-47.318041943677095,False
2018-05-24,-19.651866327121997,False
2018-05-25,-10.094641901767849,False
2018-05-26,-15.780980179409392,False
2018-05-27,-22.10233780874019,False
2018-05-28,-23.141863033381842,False
2018-05-29,-17.00612149693677,False
2018-05-30,-10.722323643216159,False
2018-05-31,-11.424297067695846,False
2018-06-01,-15.332334646942554,False
2018-06-02,-15.405291259682045,False
2018-06-03,-15.618794204475222,False
2018-06-04,-15.75610099026673,False
2018-06-05,-9.222017734331722,False
2018-06-06,-8.498975943879296,False
2018-06-07,-10.406784260584418,False
2018-06-08,-43.97996833125577,False
2018-06-09,-49.7740266958122,False
2018-06-10,-41.8604742920318,False
2018-06-11,-11.116005949909862,False
2018-06-12,-10.500008542407416,False
2018-06-13,-9.794842440399938,False
2018-06-14,-12.778101048683562,False
2018-06-15,-6.207131135298759,False
2018-06-16,-2.4734637216602575,False
2018-06-17,-5.1061398934177324,False
2018-06-18,-11.40932519082565,False
2018-06-19,-22.554554839943535,False
2018-06-20,-24.836243515793807,False
2018-06-21,-22.129705696020263,False
2018-06-22,-17.20704007825159,False
2018-06-23,-12.837035741069764,False
2018-06-24,-9.219895907269253,False
2018-06-25,-10.5324962390242,False
2018-06-26,-5.825123127715009,False
2018-06-27,-10.192483456810928,False
2018-06-28,0.6361856420359189,False
2018-06-29,-2.675281275533324,False
2018-06-30,-5.04528416824663,False
2018-07-01,-20.209530826849555,False
2018-07-02,-20.78231055693684,False
2018-07-03,-18.247531472575112,False
2018-07-04,-11.107959503962293,False
2018-07-05,-11.144898666640856,False
2018-07-06,-10.542363175964944,False
2018-07-07,-16.78554002460693,False
2018-07-08,-24.737879421644568,False
2018-07-09,-26.23262357928516,False
2018-07-10,-19.419853529717653,False
2018-07-11,-12.504089654453379,False
2018-07-12,-15.700984961033248,False
2018-07-13,-18.433856434922408,False
2018-07-14,-17.748961892527877,False
2018-07-15,-16.301436522484455,False
2018-07-16,-16.37925980210707,False
2018-07-17,-17.68769444723842,False
2018-07-18,-18.724145893756383,False
2018-07-19,-17.90789687614536,False
2018-07-20,-15.897593644456421,False
2018-07-21,-34.14664332963062,False
2018-07-22,-31.362584562884138,False
2018-07-23,-39.11640014018545,False
2018-07-24,-20.046769423349243,False
2018-07-25,-22.20183656265421,False
2018-07-26,-14.636015287177017,False
2018-07-27,-8.824524382292333,False
2018-07-28,4.5262605114919126,False
2018-07-29,4.754678750615746,False
2018-07-30,7.236750566113948,False
2018-07-31,-4.358168342532127,False
2018-08-01,-4.036165380081603,False
2018-08-02,-9.839504919365382,False
2018-08-03,-10.61963509136512,False
2018-08-04,-16.3165009547386,False
2018-08-05,-16.002698403137256,False
2018-08-06,-20.980029476426736,False
2018-08-07,-17.56123206073116,False
2018-08-08,-7.355323367077087,False
2018-08-09,-12.882929946127666,False
2018-08-10,-10.465385742174904,False
2018-08-11,-26.174883493627544,False
2018-08-12,-20.593550186418287,False
2018-08-13,-18.982788560046878,False
2018-08-14,-12.274804998906419,False
2018-08-15,-14.698056647465911,False
2018-08-16,-21.91507387237525,False
2018-08-17,-19.4538029530184,False
2018-08-18,-18.06429036816972,False
2018-08-19,-14.337241172801948,False
2018-08-20,-16.873344808925395,False
2018-08-21,-16.558279672480115,False
2018-08-22,-8.848337673506713,False
2018-08-23,-6.494948943849923,False
2018-08-24,-11.989117900057083,False
2018-08-25,-19.819076998280675,False
2018-08-26,-25.001898946626273,False
2018-08-27,-13.491595260810946,False
2018-08-28,-17.40749547361946,False
2018-08-29,-15.219295380413504,False
2018-08-30,-16.609079603676573,False
2018-08-31,-9.975975873265284,False
2018-09-01,-14.318215735620791,False
2018-09-02,-17.676169794906414,False
2018-09-03,-23.038971816230728,False
2018-09-04,-20.851103118302472,False
2018-09-05,-35.409403832769335,False
2018-09-06,-31.889695744281692,False
2018-09-07,-34.31991463132702,False
2018-09-08,-14.752161185277258,False
2018-09-09,-7.883463241070544,False
2018-09-10,1.2899336184742218,False
2018-09-11,-8.458994033560936,False
2018-09-12,-18.884555113076477,False
2018-09-13,-17.946771558534568,False
2018-09-14,-14.69996955719364,False
2018-09-15,-10.98775555314372,False
2018-09-16,-12.956863936172864,False
2018-09-17,-13.833907960010075,False
2018-09-18,-15.847287096842189,False
2018-09-19,-31.910892670835825,False
2018-09-20,-32.30072134986065,False
2018-09-21,-33.07289253118609,False
2018-09-22,-25.0989558987692,False
2018-09-23,-14.4717601177055,False
2018-09-24,-19.18205302397539,False
2018-09-25,-15.951098242903926,False
2018-09-26,-21.957781149486106,False
2018-09-27,-10.47212248137911,False
2018-09-28,-14.455393139308933,False
2018-09-29,-10.32570043983346,False
2018-09-30,-16.049861352019573,False
2018-10-01,-14.232447351493617,False
2018-10-02,-17.036688463060372,False
2018-10-03,-16.28138192484484,False
2018-10-04,-14.756214829288217,False
2018-10-05,-16.32542038638122,False
2018-10-06,-18.662913556122145,False
2018-10-07,-15.807976666481972,False
2018-10-08,-13.438662308357861,False
2018-10-09,-5.553340656329413,False
2018-10-10,-10.9586720326418,False
2018-10-11,-5.0750612321009205,False
2018-10-12,-19.227479694772338,False
2018-10-13,-39.07769604382528,False
2018-10-14,-45.256560716512034,False
2018-10-15,-36.324242047481896,False
2018-10-16,-14.01356178240394,False
2018-10-17,-17.199319609771347,False
2018-10-18,-20.295290819346807,False
2018-10-19,-20.161951767841277,False
2018-10-20,-15.93105437832808,False
2018-10-21,-12.530988695832557,False
2018-10-22,-12.945168049098328,False
2018-10-23,-12.745176935449422,False
2018-10-24,-12.944040795803176,False
2018-10-25,-6.920953939404719,False
2018-10-26,-8.000838073443273,False
2018-10-27,-12.546016200638,False
2018-10-28,-18.038188836781718,False
2018-10-29,-39.001299828600445,False
2018-10-30,-33.2438387231783,False
2018-10-31,-31.086720938247012,False
2018-11-01,-12.172815780887605,False
2018-11-02,-9.503637259467764,False
2018-11-03,-11.786316438954492,False
2018-11-04,-10.067236447509469,False
2018-11-05,-15.986666640398743,False
2018-11-06,-14.491105897964305,False
2018-11-07,-12.284388014695699,False
2018-11-08,-8.173952009008001,False
2018-11-09,-4.049188652096566,False
2018-11-10,-3.2223808314280102,False
2018-11-11,-6.440030860849094,False
2018-11-12,-6.966257519671792,False
2018-11-13,-13.429239774662932,False
2018-11-14,-36.73775918856199,False
2018-11-15,-39.986143291212585,False
2018-11-16,-38.357092404867885,False
2018-11-17,-12.751960255752216,False
2018-11-18,-15.504270771215367,False
2018-11-19,-7.5227055284444,False
2018-11-20,-13.927403156190863,False
2018-11-21,-15.511274874407903,False
2018-11-22,-19.24838048314947,False
2018-11-23,-12.05766018129892,False
2018-11-24,-4.704426461939369,False
2018-11-25,-6.82348791888252,False
2018-11-26,-10.039125786121923,False
2018-11-27,-16.124622540273872,False
2018-11-28,-18.334786344556083,False
2018-11-29,-20.994446099216873,False
2018-11-30,-13.504949679602541,False
2018-12-01,-14.396397438386003,False
2018-12-02,-14.989739379507602,False
2018-12-03,-20.175761679790583,False
2018-12-04,-17.93580633667953,False
2018-12-05,-16.88871576072538,False
2018-12-06,-18.892053976379135,False
2018-12-07,-41.203473028823176,False
2018-12-08,-37.96870853317239,False
2018-12-09,-36.70759965239118,False
2018-12-10,-17.93205963952293,False
2018-12-11,-17.983726174527273,False
2018-12-12,-21.74829083903205,False
2018-12-13,-25.493992714064984,False
2018-12-14,-29.29596934850527,False
2018-12-15,-24.35742058936336,False
2018-12-16,-17.483935229465125,False
2018-12-17,-8.708733476657173,False
2018-12-18,-4.424306377001706,False
2018-12-19,-6.307690759247432,False
2018-12-20,-12.285180458656393,False
2018-12-21,-19.725936410015706,False
2018-12-22,-19.16023483413156,False
2018-12-23,-20.23880455820136,False
2018-12-24,-14.937812858297763,False
2018-12-25,-18.172684088537498,False
2018-12-26,-14.940663475892256,False
2018-12-27,-10.1005820652343,False
2018-12-28,-7.22669888485244,False
2018-12-29,-7.697238053421363,False
2018-12-30,-11.067617738587224,False
2018-12-31,-12.237459032303137,False
2019-01-01,-12.947935993457236,False
2019-01-02,-15.65814235717451,False
2019-01-03,-13.662556075435836,False
2019-01-04,-17.65096513809937,False
2019-01-05,-17.60329404419078,False
2019-01-06,-16.002005273404304,False
2019-01-07,-7.105391706802273,False
2019-01-08,-3.3663490994972167,False
2019-01-09,-24.33447188873488,False
2019-01-10,-33.20843657146724,False
2019-01-11,-33.556237328925356,False
2019-01-12,-13.846739681716087,False
2019-01-13,-2.018137697293201,False
2019-01-14,-8.74061338559652,False
2019-01-15,-12.83286877727303,False
2019-01-16,-23.989651091919807,False
2019-01-17,-29.25204084773843,False
2019-01-18,-27.99617356573837,False
2019-01-19,-58.74821582432668,True
2019-01-20,-49.65105778118262,False
2019-01-21,-46.18101379135094,False
2019-01-22,-5.526717594122997,False
2019-01-23,-2.3265973872836256,False
2019-01-24,-6.001235913041874,False
2019-01-25,-17.09957795529885,False
2019-01-26,-18.93359662201703,False
2019-01-27,-21.906914827449985,False
2019-01-28,-10.987421078639139,False
2019-01-29,-8.237337281780015,False
2019-01-30,-4.833107062116266,False
2019-01-31,-19.01148024189719,False
2019-02-01,-18.313751228120687,False
2019-02-02,-16.895208000712334,False
2019-02-03,-5.091404636454979,False
2019-02-04,-16.8846047682941,False
2019-02-05,-18.82394547909872,False
2019-02-06,-23.754235928119837,False
2019-02-07,-17.188602917883397,False
2019-02-08,-16.591364711985282,False
2019-02-09,-14.120939781468019,False
2019-02-10,-18.579343874057365,False
2019-02-11,-17.348599928225564,False
2019-02-12,-19.358817130767964,False
2019-02-13,-13.03058007700259,False
2019-02-14,-9.614602624561856,False
2019-02-15,-14.594353518760927,False
2019-02-16,-22.788565537938414,False
2019-02-17,-20.524317762699937,False
2019-02-18,-14.696493347430094,False
2019-02-19,-11.55398281071382,False
2019-02-20,-10.460082196217764,False
2019-02-21,-11.326639706964697,False
2019-02-22,-3.615504824483175,False
2019-02-23,-9.55003880093283,False
2019-02-24,-1.7697456385763168,False
2019-02-25,0.534428994941195,False
2019-02-26,-0.7315015246155347,False
2019-02-27,-5.088209420326062,False
2019-02-28,-9.528068991758289,False
2019-03-01,-3.057686167712601,False
2019-03-02,-10.80366381385044,False
2019-03-03,-10.640961772197274,False
2019-03-04,-11.881790054928317,False
2019-03-05,-15.057054158300355,False
2019-03-06,-22.534294048957218,False
2019-03-07,-34.92492070739596,False
2019-03-08,-28.96759009948174,False
2019-03-09,-21.364387025634795,False
2019-03-10,-7.198030106210276,False
2019-03-11,-5.824023646752944,False
2019-03-12,-2.179730487651627,False
2019-03-13,-13.709564528895305,False
2019-03-14,-20.819473407995023,False
2019-03-15,-27.556126385866666,False
2019-03-16,-20.499458757249872,False
2019-03-17,-13.816707992205627,False
2019-03-18,-21.864285596778657,False
2019-03-19,-23.75702755058704,False
2019-03-20,-28.84412656023008,False
2019-03-21,-17.89566796475042,False
2019-03-22,-16.072794822311874,False
2019-03-23,-30.752968185050094,False
2019-03-24,-35.48712604971702,False
2019-03-25,-41.19037312166022,False
2019-03-26,-21.543038145995272,False
2019-03-27,-15.667001194643547,False
2019-03-28,-15.373051292429913,False
2019-03-29,-13.10614884126585,False
2019-03-30,-19.047748596760567,False
2019-03-31,-18.27633574046777,False
2019-04-01,-20.72064324235738,False
2019-04-02,-22.74058205854511,False
2019-04-03,-21.78368795088446,False
2019-04-04,-26.147078081421622,False
2019-04-05,-14.147208260078571,False
2019-04-06,-11.791556830802927,False
2019-04-07,-9.798947292417877,False
2019-04-08,-16.801928181146547,False
2019-04-09,-17.39229458779678,False
2019-04-10,-15.477270953959328,False
2019-04-11,-13.876523796722514,False
2019-04-12,-10.397180757769975,False
2019-04-13,-11.635306950079192,False
2019-04-14,-16.39524671283161,False
2019-04-15,-20.525484341627408,False
2019-04-16,-27.61116441012764,False
2019-04-17,-31.368655696343126,False
2019-04-18,-24.800951837958454,False
2019-04-19,-9.013396325010982,False
2019-04-20,-3.9487762344422848,False
2019-04-21,-7.110045451997318,False
2019-04-22,-12.444915687828308,False
2019-04-23,0.8667517042181553,False
2019-04-24,3.0388234977333966,False
2019-04-25,1.2821525136361853,False
2019-04-26,-14.855532482586469,False
2019-04-27,-25.75961740935507,False
2019-04-28,-54.878677447115685,True
2019-04-29,-54.0819186658512,True
2019-04-30,-53.345148223211595,True
2019-05-01,-26.30070935649802,False
2019-05-02,-27.601498389818385,False
2019-05-03,-15.163917011137434,False
2019-05-04,-9.051066446369523,False
2019-05-05,-4.756764997178413,False
2019-05-06,-5.58555498190857,False
2019-05-07,-8.802640779115897,False
2019-05-08,-12.215887019162482,False
2019-05-09,-12.043167265643957,False
2019-05-10,-10.197000321495794,False
2019-05-11,-10.900848133488566,False
2019-05-12,-17.754699154901626,False
2019-05-13,-23.412812343179287,False
2019-05-14,-24.79502664973081,False
2019-05-15,-20.328961747269812,False
2019-05-16,-9.188822171850259,False
2019-05-17,-9.25189354326948,False
2019-05-18,-10.704726786633763,False
2019-05-19,-20.944963625001595,False
2019-05-20,-17.299194864783814,False
2019-05-21,-21.920647508501574,False
2019-05-22,-22.77404031073353,False
2019-05-23,-20.631452263895437,False
2019-05-24,-21.585677032584112,False
2019-05-25,-17.047886650745493,False
2019-05-26,-17.44292560032135,False
2019-05-27,-15.074917322142833,False
2019-05-28,-19.786999273428577,False
2019-05-29,-21.89313215790536,False
2019-05-30,-17.9157750671367,False
2019-05-31,-12.281851668472784,False
2019-06-01,-13.88498732539366,False
2019-06-02,-45.370536993355124,False
2019-06-03,-44.36865725036549,False
2019-06-04,-47.13605739565677,False
2019-06-05,-16.49863186147859,False
2019-06-06,-22.154675390749134,False
2019-06-07,-13.194659591891009,False
2019-06-08,-18.421136987580816,False
2019-06-09,-22.990170354455504,False
2019-06-10,-31.782734780360794,False
2019-06-11,-28.537358367545195,False
2019-06-12,-20.278939958001196,False
2019-06-13,-17.386036706886177,False
2019-06-14,-15.024006658422211,False
2019-06-15,-22.708976914383978,False
2019-06-16,-19.356029608555612,False
2019-06-17,-26.75446424271493,False
2019-06-18,-22.71572842484773,False
2019-06-19,-22.261814544992806,False
2019-06-20,-20.85940320707879,False
2019-06-21,-19.790280952789455,False
2019-06-22,-15.954704401197349,False
2019-06-23,-14.820618418154135,False
2019-06-24,-9.939627792974266,False
2019-06-25,-18.483626448462502,False
2019-06-26,-14.056842258708777,False
2019-06-27,-11.633336224337741,False
2019-06-28,-17.001086806216424,False
2019-06-29,-22.30788453975946,False
2019-06-30,-25.765870513668904,False
2019-07-01,-16.69147405733172,False
2019-07-02,-12.01930954196458,False
2019-07-03,-16.74353879755002,False
2019-07-04,-15.58499810348645,False
2019-07-05,-17.692290538540004,False
2019-07-06,-10.605221545037493,False
2019-07-07,-9.933897321724238,False
2019-07-08,-7.960777731855113,False
2019-07-09,-14.279413842984212,False
2019-07-10,-17.247522112479036,False
2019-07-11,-20.32816551205833,False
2019-07-12,-17.10284907805527,False
2019-07-13,-16.83636210504635,False
2019-07-14,-13.947029926182216,False
2019-07-15,-7.223235301113648,False
2019-07-16,-2.0547985641058264,False
2019-07-17,-4.517992120362843,False
2019-07-18,-8.014739626288817,False
2019-07-19,-13.131539932101793,False
2019-07-20,-19.97994394414184,False
2019-07-21,-28.81714487646724,False
2019-07-22,-43.672853928991294,False
2019-07-23,-36.926409724445115,False
2019-07-24,-32.82039096401729,False
2019-07-25,-9.626631170305897,False
2019-07-26,-6.912867739084013,False
2019-07-27,-7.862943371077677,False
2019-07-28,-11.25107029544485,False
2019-07-29,-21.40332102653304,False
2019-07-30,-19.58446067886332,False
2019-07-31,-19.818622228049406,False
2019-08-01,-16.888425975137235,False
2019-08-02,-13.255868034743779,False
2019-08-03,-14.98534318031399,False
2019-08-04,-10.732149852797832,False
2019-08-05,-46.952269141597355,False
2019-08-06,-71.93835479338652,True
2019-08-07,-69.54973811754935,True
2019-08-08,-36.911752656376194,False
2019-08-09,-15.11709623272565,False
2019-08-10,-19.243938730818797,False
2019-08-11,-16.91547780984316,False
2019-08-12,-18.502369515317653,False
2019-08-13,-39.232843440652616,False
2019-08-14,-44.46481649389006,False
2019-08-15,-39.12456188726903,False
2019-08-16,-13.660062062927105,False
2019-08-17,-7.599272498835043,False
2019-08-18,-11.555257397239599,False
2019-08-19,-13.969405559560878,False
2019-08-20,-22.0346201997217,False
2019-08-21,-21.771727644607164,False
2019-08-22,-19.183025931254267,False
2019-08-23,-12.24001660154363,False
2019-08-24,-14.151504857949687,False
2019-08-25,-12.182283149706455,False
2019-08-26,-9.787686181068059,False
2019-08-27,-4.445285271462753,False
2019-08-28,-0.4165257016531297,False
2019-08-29,-28.439594488462912,False
2019-08-30,-35.071952914603386,False
2019-08-31,-49.694017160452766,False
2019-09-01,-21.109322562906055,False
2019-09-02,-13.513241124244159,False
2019-09-03,-6.6206988122688655,False
2019-09-04,-11.485001552946315,False
2019-09-05,-18.604420367556052,False
2019-09-06,-8.599073765446926,False
2019-09-07,-9.202063542825298,False
2019-09-08,-4.262528175212221,False
2019-09-09,-11.142469598084759,False
2019-09-10,-9.735317399038815,False
2019-09-11,-9.27736048034186,False
2019-09-12,-15.342324797717877,False
2019-09-13,-15.380488296120745,False
2019-09-14,-8.747926407337138,False
2019-09-15,-0.20434840093597847,False
2019-09-16,4.2825246770776255,False
2019-09-17,-5.290436014547249,False
2019-09-18,-14.630535480201482,False
2019-09-19,-21.506429667157665,False
2019-09-20,-19.238667312278146,False
2019-09-21,-47.281633668601124,False
2019-09-22,-53.548344507061806,True
2019-09-23,-47.65304287837413,False
2019-09-24,-16.283688835332786,False
2019-09-25,-11.221354596263188,False
2019-09-26,-21.387973375146313,False
2019-09-27,-27.375368468293434,False
2019-09-28,-22.375161852656095,False
2019-09-29,-43.753247342975705,False
2019-09-30,-42.293664254476845,False
2019-10-01,-50.76666167857896,True
2019-10-02,-26.6832974843792,False
2019-10-03,-14.84736778425741,False
2019-10-04,-10.705418101457363,False
2019-10-05,-15.374851116769277,False
2019-10-06,-23.033909474270626,False
2019-10-07,-23.08643834780689,False
2019-10-08,-27.86141310710075,False
2019-10-09,-59.94274296776653,True
2019-10-10,-59.77558680961055,True
2019-10-11,-46.20321477859059,False
2019-10-12,-5.743088281799662,False
2019-10-13,-0.3130900427739209,False
2019-10-14,-4.173470264246917,False
2019-10-15,-27.7292359854119,False
2019-10-16,-21.942056890603492,False
2019-10-17,-20.629628392326214,False
2019-10-18,-4.413969883290828,False
2019-10-19,-14.803909444730282,False
2019-10-20,-14.248444137716815,False
2019-10-21,-14.881602953064371,False
2019-10-22,-17.079750632145302,False
2019-10-23,-20.05952544017829,False
2019-10-24,-19.613096873346514,False
2019-10-25,-19.492147930360627,False
2019-10-26,-20.15609529610772,False
2019-10-27,-19.599361304476137,False
2019-10-28,-18.445571089624497,False
2019-10-29,-9.578216004585085,False
2019-10-30,-20.607816148924723,False
2019-10-31,-15.221879871551456,False
2019-11-01,-16.25351105589169,False
2019-11-02,-13.943192751952239,False
2019-11-03,-19.67997053596348,False
2019-11-04,-26.150074769937163,False
2019-11-05,-23.48656061917585,False
2019-11-06,-25.227076993217953,False
2019-11-07,-28.183616911098103,False
2019-11-08,-15.544488358532329,False
2019-11-09,-8.690508035578985,False
2019-11-10,0.8380157262609664,False
2019-11-11,-3.284377791260584,False
2019-11-12,-11.543298448719346,False
2019-11-13,-18.727599893815075,False
2019-11-14,-19.65678990507634,False
2019-11-15,-20.029094055775207,False
2019-11-16,-15.07901926996656,False
2019-11-17,-17.99781910751077,False
2019-11-18,-14.608591102141382,False
2019-11-19,-14.616744950016967,False
2019-11-20,-11.878390111440268,False
2019-11-21,-11.822971544518197,False
2019-11-22,-10.029492203875172,False
2019-11-23,-16.13079876021892,False
2019-11-24,-12.223191669165544,False
2019-11-25,-14.488105850749003,False
2019-11-26,-11.402038297605378,False
2019-11-27,-12.561248636413959,False
2019-11-28,-19.938107973828707,False
2019-11-29,-15.00381413974514,False
2019-11-30,-17.047954774485564,False
2019-12-01,-42.324916430647036,False
2019-12-02,-41.82498760412708,False
2019-12-03,-43.902753820526165,False
2019-12-04,-19.255183044277725,False
2019-12-05,-29.677736641720895,False
2019-12-06,-24.436322074167297,False
2019-12-07,-23.924194298698193,False
2019-12-08,-10.67850087666512,False
2019-12-09,-21.430258313582566,False
2019-12-10,-9.522715430437282,False
2019-12-11,-15.697822289564266,False
2019-12-12,-7.7569571055109465,False
2019-12-13,-16.7224589259069,False
2019-12-14,-15.969984337309091,False
2019-12-15,-15.733670699526913,False
2019-12-16,-9.140786824225026,False
2019-12-17,-10.280420686985153,False
2019-12-18,-9.528674831438249,False
2019-12-19,-15.39633120835976,False
2019-12-20,-16.08102429789219,False
2019-12-21,-32.58830654220778,False
2019-12-22,-37.974531263978854,False
2019-12-23,-43.13949045751744,False
2019-12-24,-24.260358882958496,False
2019-12-25,-16.73622355982023,False
2019-12-26,-12.079415216808092,False
2019-12-27,-14.978735860637379,False
2019-12-28,-14.271870791702462,False
2019-12-29,-15.694976167529191,False
2019-12-30,-18.881930801400014,False
2019-12-31,-19.488876602455974,False
2020-01-01,-21.243328991678656,False
2020-01-02,-16.49709906721152,False
2020-01-03,-24.090814504553606,False
2020-01-04,-16.0607008447909,False
2020-01-05,-15.803321937996616,False
2020-01-06,-7.968868583789754,False
2020-01-07,-8.154727197310272,False
2020-01-08,-3.3832193491121374,False
2020-01-09,-0.3498580262951183,False
2020-01-10,-11.644118887403756,False
2020-01-11,-23.424324532196866,False
2020-01-12,-29.98107910305211,False
2020-01-13,-22.51321797688219,False
2020-01-14,-15.324274028062893,False
2020-01-15,-15.727974969894037,False
2020-01-16,-15.08527211282906,False
2020-01-17,-20.17743992411884,False
2020-01-18,-19.720535883472774,False
2020-01-19,-26.094247328773974,False
2020-01-20,-26.765648583804303,False
2020-01-21,-29.726315794301843,False
2020-01-22,-28.003164418818287,False
2020-01-23,-20.095664247943308,False
2020-01-24,-18.486521380805744,False
2020-01-25,-4.053500109546852,False
2020-01-26,-6.294795692454653,False
2020-01-27,-1.7578556423473852,False
2020-01-28,-15.720815022421803,False
2020-01-29,-14.892847108309395,False
2020-01-30,-17.934742908039986,False
2020-01-31,-14.013272528733685,False
2020-02-01,-6.574173893294472,False
2020-02-02,-4.655862187241976,False
2020-02-03,-0.5468081406807185,False
2020-02-04,-13.599851994259447,False
2020-02-05,-13.355566357348694,False
2020-02-06,-10.86945711994936,False
2020-02-07,-10.564619650596878,False
2020-02-08,-3.1748714566213168,False
2020-02-09,-7.427066257341454,False
2020-02-10,-7.169065129767456,False
2020-02-11,-11.889228405533087,False
2020-02-12,-10.83001834884807,False
2020-02-13,-6.092911396402212,False
2020-02-14,-14.903441232186124,False
2020-02-15,-21.70220773399252,False
2020-02-16,-25.179522125067322,False
2020-02-17,-19.196356961905682,False
2020-02-18,-13.805119868403494,False
2020-02-19,-12.10424132246446,False
2020-02-20,-17.14788504090468,False
2020-02-21,-43.29270469626865,False
2020-02-22,-41.56116571886637,False
2020-02-23,-33.9806264923018,False
2020-02-24,-5.995372324922061,False
2020-02-25,-5.102026687861737,False
2020-02-26,-5.50446816267215,False
2020-02-27,-10.108253910725225,False
2020-02-28,-20.087786262984807,False
2020-02-29,-20.20603370336821,False
2020-03-01,-19.094620108881177,False
2020-03-02,-11.364461026035718,False
2020-03-03,-18.1899282058473,False
2020-03-04,-23.344905116132793,False
2020-03-05,-20.218609051582675,False
2020-03-06,-43.72641840078166,False
2020-03-07,-36.67618944965812,False
2020-03-08,-40.77552735846789,False
2020-03-09,-12.041699148004676,False
2020-03-10,-11.014566713591185,False
2020-03-11,-13.192019130982525,False
2020-03-12,-12.92656058120157,False
2020-03-13,-18.52879695992573,False
2020-03-14,-18.202602956785498,False
2020-03-15,-19.82377455842399,False
2020-03-16,-17.08613831706897,False
2020-03-17,-17.263147893993615,False
2020-03-18,-11.003434897824974,False
2020-03-19,-15.47039919323784,False
2020-03-20,-14.302891283229366,False
2020-03-21,-21.084840018620152,False
2020-03-22,-11.718499272327202,False
2020-03-23,-10.184793589635468,False
2020-03-24,-4.298491198664229,False
2020-03-25,-16.028644228227048,False
2020-03-26,-15.746662270796312,False
2020-03-27,-16.315517246177105,False
2020-03-28,-10.044139796927517,False
2020-03-29,-6.850419360143149,False
2020-03-30,-12.478096343038382,False
2020-03-31,-7.169842539397762,False
2020-04-01,-2.2361715451821653,False
2020-04-02,-1.6183719865393134,False
2020-04-03,-9.03777183288472,False
2020-04-04,-12.419826418890919,False
2020-04-05,-4.650183594209431,False
2020-04-06,-4.959613617219418,False
2020-04-07,-12.453898794073652,False
2020-04-08,-19.89932581243853,False
2020-04-09,-36.63475624525466,False
2020-04-10,-38.628616762808015,False
2020-04-11,-41.51804139437426,False
2020-04-12,-25.762361113361575,False
2020-04-13,-22.226492876971903,False
2020-04-14,-17.27307087981755,False
2020-04-15,-7.99987864814473,False
2020-04-16,-11.854555261552768,False
2020-04-17,-8.854124597792515,False
2020-04-18,-15.91208194595086,False
2020-04-19,-12.116520621605426,False
2020-04-20,-13.354532246845347,False
2020-04-21,-16.989464956192506,False
2020-04-22,-15.261971132846574,False
2020-04-23,-17.295440268660766,False
2020-04-24,-10.834747126378971,False
2020-04-25,-11.207711535483902,False
2020-04-26,-2.05231980869255,False
2020-04-27,-6.573084801730411,False
2020-04-28,-9.853747197368953,False
2020-04-29,-22.167509862711587,False
2020-04-30,-21.838458402347342,False
2020-05-01,-22.264019091566144,False
2020-05-02,-15.015390861436877,False
2020-05-03,-7.111465392836439,False
2020-05-04,-6.844902058608274,False
2020-05-05,-14.930390475455397,False
2020-05-06,-18.7267452418692,False
2020-05-07,-18.652652243995178,False
2020-05-08,-12.79150268055622,False
2020-05-09,-13.865472822696637,False
2020-05-10,-17.71955710556168,False
2020-05-11,-14.061263571263474,False
2020-05-12,-7.689444962286586,False
2020-05-13,-4.077623264235204,False
2020-05-14,-11.818450309299388,False
2020-05-15,-17.858499438781855,False
2020-05-16,-14.069517516896212,False
2020-05-17,-9.884534186460952,False
2020-05-18,-2.9871775942951744,False
2020-05-19,-5.032793664219471,False
2020-05-20,-33.18170541341903,False
2020-05-21,-46.739800480542534,False
2020-05-22,-48.955731730334016,False
2020-05-23,-23.57350496332097,False
2020-05-24,-44.12917704064364,False
2020-05-25,-43.275902077020646,False
2020-05-26,-42.248242378969856,False
2020-05-27,-16.240984973880096,False
2020-05-28,-9.416966683943073,False
2020-05-29,-0.20438878700418073,False
2020-05-30,-2.2621722943944556,False
2020-05-31,-8.97350315825968,False
2020-06-01,-14.90458935347788,False
2020-06-02,-10.05354830329135,False
2020-06-03,-0.708961230274328,False
2020-06-04,-2.54989199724676,False
2020-06-05,-6.714626318900244,False
2020-06-06,-11.73883629907514,False
2020-06-07,-9.639734718047366,False
2020-06-08,-4.920637630109671,False
2020-06-09,-5.254160828449717,False
2020-06-10,-5.422276392424732,False
2020-06-11,-4.0270227554314975,False
2020-06-12,-0.5274829157105797,False
2020-06-13,-2.199342123708625,False
2020-06-14,-7.544996806758733,False
2020-06-15,-12.486778025175552,False
2020-06-16,-10.255581709500694,False
2020-06-17,-12.85485207218222,False
2020-06-18,-11.967013582423908,False
2020-06-19,-18.36640469776678,False
2020-06-20,-14.983682722078564,False
2020-06-21,-11.344568507140972,False
2020-06-22,-9.006816985751918,False
2020-06-23,-8.936050084866592,False
2020-06-24,-41.00565425767892,False
2020-06-25,-38.78503626564965,False
2020-06-26,-36.38884573370995,False
2020-06-27,-0.7800301181049699,False
2020-06-28,-4.996157322025856,False
2020-06-29,-6.701492735934402,False
2020-06-30,-14.356976894313222,False
2020-07-01,-6.816050835447322,False
2020-07-02,-26.563071842956077,False
2020-07-03,-26.444520474717738,False
2020-07-04,-30.32274755490548,False
2020-07-05,-28.60453118328599,False
2020-07-06,-31.50635174456946,False
2020-07-07,-33.161577811842385,False
2020-07-08,-11.714847487169791,False
2020-07-09,-14.03517422661192,False
2020-07-10,-14.279655501617645,False
2020-07-11,-21.37466576081343,False
2020-07-12,-12.488418047469814,False
2020-07-13,-19.11304436319242,False
2020-07-14,-18.548248492522077,False
2020-07-15,-21.819587507963362,False
2020-07-16,-9.464743771890904,False
2020-07-17,-7.4920574270965,False
2020-07-18,-11.221703034127378,False
2020-07-19,-9.95917087330238,False
2020-07-20,-15.488225430675405,False
2020-07-21,-22.062651150382937,False
2020-07-22,-27.827221627931966,False
2020-07-23,-24.043382923677438,False
2020-07-24,-19.333090365719965,False
2020-07-25,-18.25972237673588,False
2020-07-26,-15.27630262424064,False
2020-07-27,-13.4476858786647,False
2020-07-28,-21.402329262545692,False
2020-07-29,-18.887702804509907,False
2020-07-30,-14.03058356972835,False
2020-07-31,-9.306069430162305,False
2020-08-01,-5.40935075909222,False
2020-08-02,-12.290494536231472,False
2020-08-03,-17.995891764812896,False
2020-08-04,-28.150072028528538,False
2020-08-05,-24.052077028645915,False
2020-08-06,-16.976618547656194,False
2020-08-07,-15.173930499556535,False
2020-08-08,-13.583364848077357,False
2020-08-09,-19.5628803421299,False
2020-08-10,-12.822877694411545,False
2020-08-11,-14.559703994039007,False
2020-08-12,-5.08436297092472,False
2020-08-13,-9.48852000170694,False
2020-08-14,-7.33290241152153,False
2020-08-15,-41.74968872540569,False
2020-08-16,-41.329755870847244,False
2020-08-17,-40.5858777079922,False
2020-08-18,-35.8025000044236,False
2020-08-19,-36.80724956568698,False
2020-08-20,-36.5421255748031,False
2020-08-21,-11.736843067988971,False
2020-08-22,-43.383248060957094,False
2020-08-23,-48.92483229954822,False
2020-08-24,-41.362127790756055,False
2020-08-25,-10.662439279171185,False
2020-08-26,-13.679970479406299,False
2020-08-27,-20.371314551406403,False
2020-08-28,-22.934889378728553,False
2020-08-29,-13.849214774301466,False
2020-08-30,-16.972128351154186,False
2020-08-31,-16.032655454113783,False
2020-09-01,-26.953392573850806,False
2020-09-02,-26.152121933637545,False
2020-09-03,-34.06290550729425,False
2020-09-04,-32.84035387745502,False
2020-09-05,-27.98946997588153,False
2020-09-06,-38.86903913028274,False
2020-09-07,-30.831597589199987,False
2020-09-08,-37.741160786294024,False
2020-09-09,-17.356919749944907,False
2020-09-10,-19.073160153447038,False
2020-09-11,-19.838714337700356,False
2020-09-12,-13.634275706063837,False
2020-09-13,-10.110416387398878,False
2020-09-14,-6.360814325947362,False
2020-09-15,-12.26686417703784,False
2020-09-16,-14.94278210755032,False
2020-09-17,-22.225864885928825,False
2020-09-18,-23.322117771989337,False
2020-09-19,-26.883585995770733,False
2020-09-20,-22.723126561653242,False
2020-09-21,-22.85881820311467,False
2020-09-22,-12.940135103725387,False
2020-09-23,-6.370283619077686,False
2020-09-24,-7.530598406665053,False
2020-09-25,-12.43101338863851,False
2020-09-26,-9.396963087362538,False
2020-09-27,-3.413712396580277,False
2020-09-28,-5.465522042324214,False
2020-09-29,-13.650690899490519,False
2020-09-30,-14.556332376687235,False
2020-10-01,-13.220912314680932,False
2020-10-02,-7.052392323747708,False
2020-10-03,-7.3045983714741896,False
2020-10-04,-4.680329051883848,False
2020-10-05,-10.402042778237048,False
2020-10-06,-7.6731537224276245,False
2020-10-07,-11.080966164935367,False
2020-10-08,-0.6389818281920322,False
2020-10-09,-8.665309363087607,False
2020-10-10,-2.5118525691962077,False
2020-10-11,-10.02125292584668,False
2020-10-12,-9.8701736679462,False
2020-10-13,-18.749572216824482,False
2020-10-14,-39.528849417247606,False
2020-10-15,-35.22651361718215,False
2020-10-16,-31.199628328822865,False
2020-10-17,-13.506794278004648,False
2020-10-18,-15.300876432656246,False
2020-10-19,-8.823136950350788,False
2020-10-20,0.3818357458063737,False
2020-10-21,2.224548793546434,False
2020-10-22,-6.19251872822822,False
2020-10-23,-12.62256610175802,False
2020-10-24,-11.913788889532483,False
2020-10-25,-16.156973062998905,False
2020-10-26,-17.66660451956533,False
2020-10-27,-26.795012705997355,False
2020-10-28,-21.106949954782618,False
2020-10-29,-17.488660046278273,False
2020-10-30,-12.747069599965409,False
2020-10-31,-8.048015037226396,False
2020-11-01,-15.539861448046727,False
2020-11-02,-19.464615119688506,False
2020-11-03,-24.862754898608753,False
2020-11-04,-15.771299036150767,False
2020-11-05,-3.1780887494800116,False
2020-11-06,-5.91143307519566,False
2020-11-07,-5.785102951919096,False
2020-11-08,-12.674847595753398,False
2020-11-09,-11.529819744040916,False
2020-11-10,-12.309903327819413,False
2020-11-11,-9.546577936162903,False
2020-11-12,-15.16163736433662,False
2020-11-13,-12.790115715379727,False
2020-11-14,-9.879041812443598,False
2020-11-15,-6.075723990544719,False
2020-11-16,-10.398671255698664,False
2020-11-17,-13.942915927157514,False
2020-11-18,-10.39797005782377,False
2020-11-19,-14.182404806955086,False
2020-11-20,-18.84501902383825,False
2020-11-21,-19.989930371099657,False
2020-11-22,-13.09779367868052,False
2020-11-23,-8.236899588550585,False
2020-11-24,-9.617140632929228,False
2020-11-25,-11.22126186737331,False
2020-11-26,-24.789832968271337,False
2020-11-27,-18.712312838438503,False
2020-11-28,-28.75796279614428,False
2020-11-29,-18.81355607923651,False
2020-11-30,-27.8872984592295,False
2020-12-01,-26.107169247000723,False
2020-12-02,-20.014098331874113,False
2020-12-03,-17.406223558617103,False
2020-12-04,-10.841482128810618,False
2020-12-05,-15.672471593841431,False
2020-12-06,-11.89350347970138,False
2020-12-07,-12.972231442383224,False
2020-12-08,-17.916518023620764,False
2020-12-09,-15.839614054724692,False
2020-12-10,-18.12192795161096,False
2020-12-11,-19.216286649495686,False
2020-12-12,-24.913814571147896,False
2020-12-13,-40.43857024254808,False
2020-12-14,-30.811355679455104,False
2020-12-15,-30.493503573222892,False
2020-12-16,-14.390752386451169,False
2020-12-17,-19.07817955977467,False
2020-12-18,-9.376579087899872,False
2020-12-19,-6.451806461699944,False
2020-12-20,-3.445099668066135,False
2020-12-21,-7.63095778618213,False
2020-12-22,-8.20354295900229,False
2020-12-23,-10.959878131049381,False
2020-12-24,-15.866411343516665,False
2020-12-25,-17.107973017278972,False
2020-12-26,-16.220693380035527,False
2020-12-27,-12.524775809147693,False
2020-12-28,-12.03058722826224,False
2020-12-29,-8.951137973360558,False
2020-12-30,-12.184522468342806,False
2020-12-31,-12.077765250307642,False
2021-01-01,-23.00112829729839,False
2021-01-02,-19.012951278054135,False
2021-01-03,-17.94153813572653,False
2021-01-04,-5.956694958159488,False
2021-01-05,-21.20702716974417,False
2021-01-06,-14.23948225421323,False
2021-01-07,-18.789881206272536,False
2021-01-08,-2.7721284265477126,False
2021-01-09,-15.285250954172744,False
2021-01-10,-12.27579682130177,False
2021-01-11,-20.92219034094646,False
2021-01-12,-19.25764247522756,False
2021-01-13,-14.052612680010691,False
2021-01-14,-10.601680030369456,False
2021-01-15,-7.236872694867344,False
2021-01-16,-11.412727187579472,False
2021-01-17,-8.667270032635665,False
2021-01-18,-8.935325904780251,False
2021-01-19,-10.955752817670367,False
2021-01-20,-3.324818028607685,False
2021-01-21,-4.156968837316332,False
2021-01-22,-4.812416660321364,False
2021-01-23,-10.223461417244016,False
2021-01-24,-5.57088249727774,False
2021-01-25,-1.6271574618960891,False
2021-01-26,-3.2748541578097985,False
2021-01-27,-12.268977540563668,False
2021-01-28,-10.483372633600803,False
2021-01-29,-17.623675093792297,False
2021-01-30,-11.841113581914229,False
2021-01-31,-35.652297333553626,False
2021-02-01,-31.323469147850844,False
2021-02-02,-31.218961367593053,False
2021-02-03,-12.65607488335695,False
2021-02-04,-10.711838480043843,False
2021-02-05,-5.572043045023176,False
2021-02-06,-5.043334700768349,False
2021-02-07,-7.707644258872083,False
2021-02-08,-10.306140661953242,False
2021-02-09,-7.362395912310599,False
2021-02-10,-11.296200631695973,False
2021-02-11,-12.76294902544997,False
2021-02-12,-14.71614001190494,False
2021-02-13,-10.995962764796937,False
2021-02-14,-7.882735790949892,False
2021-02-15,-11.287649108323592,False
2021-02-16,-9.595089280997456,False
2021-02-17,-15.79020383137941,False
2021-02-18,-15.127665292923433,False
2021-02-19,-20.015071454390412,False
2021-02-20,-25.082987687632112,False
2021-02-21,-18.76728362505809,False
2021-02-22,-17.770028670750595,False
2021-02-23,-15.975394538198648,False
2021-02-24,-30.966975245513396,False
2021-02-25,-30.13497684299809,False
2021-02-26,-31.461766618802855,False
2021-02-27,-16.280145523842517,False
2021-02-28,-9.685030175713974,False
2021-03-01,-7.145272382794875,False
2021-03-02,-4.703589801963116,False
2021-03-03,-4.815796211367276,False
2021-03-04,-3.3625203646908712,False
2021-03-05,-22.3698864455624,False
2021-03-06,-17.133178103165807,False
2021-03-07,-21.392142436185704,False
2021-03-08,-17.976114564518976,False
2021-03-09,-23.049603126843383,False
2021-03-10,-7.732303634431908,False
2021-03-11,4.386382627437732,False
2021-03-12,2.551737379608609,False
2021-03-13,-4.828254879087338,False
2021-03-14,-6.95168391800818,False
2021-03-15,-6.171606039070558,False
2021-03-16,-7.425857709854199,False
2021-03-17,-10.422715529167926,False
2021-03-18,-13.708802399913075,False
2021-03-19,-17.849426451257283,False
2021-03-20,-38.409120875863366,False
2021-03-21,-44.93057562104682,False
2021-03-22,-42.30807577275911,False
2021-03-23,-26.1195501925642,False
2021-03-24,-23.76208020464574,False
2021-03-25,-41.981007178021336,False
2021-03-26,-32.45863360403927,False
2021-03-27,-24.371009911166933,False
2021-03-28,-33.56537588472929,False
2021-03-29,-43.091897576389044,False
2021-03-30,-43.002079248445426,False
2021-03-31,-19.12537736848172,False
2021-04-01,-16.065397422188465,False
2021-04-02,-17.628273778043123,False
2021-04-03,-17.571702023344425,False
2021-04-04,-16.251667398772486,False
2021-04-05,-23.78797777454351,False
2021-04-06,-22.320070530893826,False
2021-04-07,-21.462444818907514,False
2021-04-08,-22.498317773361375,False
2021-04-09,-18.330948245714925,False
2021-04-10,-19.688627177991798,False
2021-04-11,-11.10669242619653,False
2021-04-12,-11.972934841779477,False
2021-04-13,-6.437821926177375,False
2021-04-14,-8.14688373325434,False
2021-04-15,-10.760162434013997,False
2021-04-16,-15.727534141780238,False
2021-04-17,-14.055240036226316,False
2021-04-18,-12.142177590422486,False
2021-04-19,-12.469000837736095,False
2021-04-20,-17.450159705108664,False
2021-04-21,-20.297203656615277,False
2021-04-22,-26.069991508629585,False
2021-04-23,-16.2637177846548,False
2021-04-24,-18.587567056016148,False
2021-04-25,-15.748766760001004,False
2021-04-26,-25.62070279502555,False
2021-04-27,-17.065552345682647,False
2021-04-28,-15.473730267667127,False
2021-04-29,-7.609132914695404,False
2021-04-30,-13.882792919448642,False
2021-05-01,-11.587017557385323,False
2021-05-02,-19.919374061119285,False
2021-05-03,-8.64481505305026,False
2021-05-04,-14.511185378063521,False
2021-05-05,-9.93051432411638,False
2021-05-06,-15.97600331148154,False
2021-05-07,-9.570413245557495,False
2021-05-08,-11.550846721976436,False
2021-05-09,-14.605237044638537,False
2021-05-10,-16.085187546528093,False
2021-05-11,-15.932044917531213,False
2021-05-12,-11.55724565141787,False
2021-05-13,-2.8903995329689027,False
2021-05-14,-4.5323586664862825,False
2021-05-15,-13.867087051982233,False
2021-05-16,-23.062307251752657,False
2021-05-17,-10.513502761104048,False
2021-05-18,-8.24898911466666,False
2021-05-19,-1.3393936994853703,False
2021-05-20,-4.947427793796883,False
2021-05-21,-3.9470824887499383,False
2021-05-22,-8.227617393785108,False
2021-05-23,-8.424834157576717,False
2021-05-24,-7.726992154694685,False
2021-05-25,-10.817245911845234,False
2021-05-26,-19.65755606015396,False
2021-05-27,-22.20007201897548,False
2021-05-28,-23.98286075883006,False
2021-05-29,-26.551898170084513,False
2021-05-30,-41.44040176833669,False
2021-05-31,-41.92318451230723,False
2021-06-01,-36.09227979809521,False
2021-06-02,-23.36833186188608,False
2021-06-03,-18.96491800879369,False
2021-06-04,-16.56594580952098,False
2021-06-05,-18.31730579499229,False
2021-06-06,-18.144600444459826,False
2021-06-07,-16.568040321002357,False
2021-06-08,-13.431661825481362,False
2021-06-09,-8.237598557520835,False
2021-06-10,-11.472198489949823,False
2021-06-11,-23.022389227536895,False
2021-06-12,-29.935755085518533,False
2021-06-13,-29.378523472895825,False
2021-06-14,-12.685747094894284,False
2021-06-15,-10.307646814477982,False
2021-06-16,-16.223648836882337,False
2021-06-17,-15.85022710638767,False
2021-06-18,-23.66010906379307,False
2021-06-19,-49.07724775255215,False
2021-06-20,-53.370321614555614,True
2021-06-21,-50.65758339729476,True
2021-06-22,-16.61337763537647,False
2021-06-23,-45.45187386491589,False
2021-06-24,-40.073201610928116,False
2021-06-25,-49.38682537046018,False
2021-06-26,-18.19833237384081,False
2021-06-27,-15.782494057552787,False
2021-06-28,-10.846375344302851,False
2021-06-29,-0.30342338559686627,False
2021-06-30,-3.5825428279361127,False
2021-07-01,-3.3812140165356053,False
2021-07-02,-13.894998033272387,False
2021-07-03,-14.934105771720747,False
2021-07-04,-16.312181583203046,False
2021-07-05,-12.243281019638681,False
2021-07-06,-8.950635371589474,False
2021-07-07,-11.484713868099098,False
2021-07-08,-19.64208038908457,False
2021-07-09,-38.534729433900104,False
2021-07-10,-33.358806284218126,False
2021-07-11,-32.447340894682505,False
2021-07-12,-25.993063488855245,False
2021-07-13,-26.47071437838156,False
2021-07-14,-12.085249883954909,False
2021-07-15,-3.49797115830455,False
2021-07-16,-20.63339005287753,False
2021-07-17,-30.278070688418435,False
2021-07-18,-30.649345655023428,False
2021-07-19,-11.391935246623234,False
2021-07-20,-12.880350857568102,False
2021-07-21,-11.415222988515916,False
2021-07-22,-13.804737695682938,False
2021-07-23,-15.316001333500525,False
2021-07-24,-12.417401191642048,False
2021-07-25,-14.404031443207735,False
2021-07-26,-14.754650266606921,False
2021-07-27,-16.576780290471397,False
2021-07-28,-19.470813190853914,False
2021-07-29,-16.33510792340602,False
2021-07-30,-18.51762328426445,False
2021-07-31,-47.10019494845566,False
2021-08-01,-64.68765123220493,True
2021-08-02,-64.75128308060869,True
2021-08-03,-29.303774292452175,False
2021-08-04,-6.268212442110169,False
2021-08-05,-3.9368633817221443,False
2021-08-06,-7.16651809914977,False
2021-08-07,-17.97469322461966,False
2021-08-08,-44.696021418602044,False
2021-08-09,-45.95833071539423,False
2021-08-10,-43.149034594630734,False
2021-08-11,-19.40683283799758,False
2021-08-12,-17.959334320990482,False
2021-08-13,-13.402514494926427,False
2021-08-14,-12.936624395221008,False
2021-08-15,-11.21721751950463,False
2021-08-16,-13.078090877691073,False
2021-08-17,-30.668300935559007,False
2021-08-18,-36.37164908613883,False
2021-08-19,-37.20589696826577,False
2021-08-20,-24.172470769525905,False
2021-08-21,-18.01541427426607,False
2021-08-22,-11.316060722004819,False
2021-08-23,-1.6022343438511217,False
2021-08-24,-4.855720747556771,False
2021-08-25,-5.015819529531753,False
2021-08-26,-9.296197107512574,False
2021-08-27,-9.7907695082639,False
2021-08-28,-18.207284709827466,False
2021-08-29,-20.011833284588423,False
2021-08-30,-20.216196674281182,False
2021-08-31,-17.080921130615472,False
2021-09-01,-15.228746460463503,False
2021-09-02,-13.66385510568493,False
2021-09-03,-12.597767316201478,False
2021-09-04,-8.477478141255572,False
2021-09-05,-4.691445680103936,False
2021-09-06,-12.378790232888951,False
2021-09-07,-27.357059871642132,False
2021-09-08,-27.417996768450333,False
2021-09-09,-26.945919688312404,False
2021-09-10,-17.62929675627532,False
2021-09-11,-26.04702850546985,False
2021-09-12,-27.787435462128244,False
2021-09-13,-24.722522941738358,False
2021-09-14,-17.005450196290333,False
2021-09-15,-12.103570048877133,False
2021-09-16,-24.633590130275923,False
2021-09-17,-29.855188564496444,False
2021-09-18,-25.98193093997938,False
2021-09-19,-21.53340804649626,False
2021-09-20,-18.614990574369703,False
2021-09-21,-20.24344599267187,False
2021-09-22,-37.19195341903947,False
2021-09-23,-37.447071624499486,False
2021-09-24,-41.27810799133372,False
2021-09-25,-13.627668283211639,False
2021-09-26,-14.740108048976133,False
2021-09-27,-10.95705044348964,False
2021-09-28,-19.47640828644039,False
2021-09-29,-20.615418999098548,False
2021-09-30,-24.045411697166426,False
2021-10-01,-21.004124100567328,False
2021-10-02,-12.384161175231919,False
2021-10-03,-14.332554890849737,False
2021-10-04,-20.09501624266301,False
2021-10-05,-21.05716885325795,False
2021-10-06,-16.40685899013999,False
2021-10-07,-12.628904353272693,False
2021-10-08,-14.353966913662822,False
2021-10-09,-15.939134364002811,False
2021-10-10,-45.80950023874876,False
2021-10-11,-47.25741550297599,False
2021-10-12,-46.786598976611344,False
2021-10-13,-5.610709294163711,False
2021-10-14,-10.745272471534141,False
2021-10-15,-5.825245350914102,False
2021-10-16,-13.257307882350148,False
2021-10-17,-5.627483032741602,False
2021-10-18,-2.34981973387142,False
2021-10-19,-3.418973459234321,False
2021-10-20,-11.639610098214247,False
2021-10-21,-16.045766313365192,False
2021-10-22,-18.884644388636683,False
2021-10-23,-7.817423917145457,False
2021-10-24,-9.111171164570973,False
2021-10-25,-7.861595890810983,False
2021-10-26,-15.17642365745784,False
2021-10-27,-21.11107013990758,False
2021-10-28,-23.53624008870175,False
2021-10-29,-19.473305680383685,False
2021-10-30,-16.712377638150482,False
2021-10-31,-17.01356541483563,False
2021-11-01,-19.668610036504187,False
2021-11-02,-12.298216301966617,False
2021-11-03,-5.234759128578591,False
2021-11-04,-3.397179395464471,False
2021-11-05,-11.167176368394301,False
2021-11-06,-19.73023227802194,False
2021-11-07,-17.70908841342326,False
2021-11-08,-15.97262741451396,False
2021-11-09,-11.288716813366776,False
2021-11-10,-11.98127485379249,False
2021-11-11,-8.465635460821309,False
2021-11-12,-5.638752306674689,False
2021-11-13,-2.2915194944665846,False
2021-11-14,-7.090512453589796,False
2021-11-15,-42.849181751104055,False
2021-11-16,-51.28113863112005,True
2021-11-17,-66.97460197812019,True
2021-11-18,-26.925610063282235,False
2021-11-19,-25.122319537712077,False
2021-11-20,-4.701598952992838,False
2021-11-21,-6.525443309403755,False
2021-11-22,-10.01659725273379,False
2021-11-23,-15.526620238288347,False
2021-11-24,-23.995886363611692,False
2021-11-25,-30.401501802944153,False
2021-11-26,-18.819834613826846,False
2021-11-27,-19.05343130062944,False
2021-11-28,-12.073019437468522,False
2021-11-29,-47.6774685681223,False
2021-11-30,-42.035008313999164,False
2021-12-01,-37.88704496949889,False
2021-12-02,-7.0655304051674195,False
2021-12-03,-10.627466950679576,False
2021-12-04,-14.558902655982408,False
2021-12-05,-16.870476807468194,False
2021-12-06,-15.532931557926625,False
2021-12-07,-8.43506239870101,False
2021-12-08,-7.601482394101204,False
2021-12-09,-3.6672067451677446,False
2021-12-10,-7.445063974578065,False
2021-12-11,-4.715068351189769,False
2021-12-12,-6.930493260574212,False
2021-12-13,-14.769346127067246,False
2021-12-14,-17.864489749997983,False
2021-12-15,-21.19400355998013,False
2021-12-16,-18.121142495155766,False
2021-12-17,-17.374438227145962,False
2021-12-18,-9.815878366244101,False
2021-12-19,-7.6163253323008275,False
2021-12-20,-8.726449356925345,False
2021-12-21,-6.870721864118937,False
2021-12-22,-40.01228825907486,False
2021-12-23,-30.84088785274913,False
2021-12-24,-35.3877090487639,False
2021-12-25,-9.374279997375504,False
2021-12-26,-16.767645969678956,False
2021-12-27,-17.50505101267402,False
2021-12-28,-5.302988959719767,False
2021-12-29,-5.623630039058064,False
2021-12-30,-7.70208751452427,False
2021-12-31,-17.758291476012715,False
2022-01-01,-21.28710991023665,False
2022-01-02,-53.52659522954993,True
2022-01-03,-50.95149608361135,True
2022-01-04,-47.76108943678482,False
2022-01-05,-8.288162164130817,False
2022-01-06,-4.387382245620002,False
2022-01-07,-11.525228111443178,False
2022-01-08,-16.426435455968242,False
2022-01-09,-13.218595628677562,False
2022-01-10,-10.874194997814351,False
2022-01-11,-41.34334914576806,False
2022-01-12,-46.071122313433875,False
2022-01-13,-46.77158394848531,False
2022-01-14,-15.487718738036726,False
2022-01-15,-16.03026411138464,False
2022-01-16,-11.212541083427569,False
2022-01-17,-17.355631530011404,False
2022-01-18,-18.621672136873922,False
2022-01-19,-17.410276481190948,False
2022-01-20,-15.351640378349614,False
2022-01-21,-6.693951772122353,False
2022-01-22,-11.182021945891847,False
2022-01-23,-8.791950434517235,False
2022-01-24,-11.969442511958496,False
2022-01-25,-16.04436070123221,False
2022-01-26,-23.986334852162855,False
2022-01-27,-33.819323437935594,False
2022-01-28,-23.095524092494742,False
2022-01-29,-18.259721428141425,False
2022-01-30,-1.924299027188037,False
2022-01-31,-9.23162583552632,False
2022-02-01,-6.285988039168385,False
2022-02-02,-10.350345371569892,False
2022-02-03,-0.06898342430384534,False
2022-02-04,7.438825669453599,False
2022-02-05,6.103850781554665,False
2022-02-06,2.1757293321640225,False
2022-02-07,-3.700177177576837,False
2022-02-08,-5.4201977952828555,False
2022-02-09,-11.721190763842836,False
2022-02-10,-17.3640940943368,False
2022-02-11,-20.491036228647157,False
2022-02-12,-18.96703185343274,False
2022-02-13,-17.50714851705261,False
2022-02-14,-14.708100897581941,False
2022-02-15,-10.206141573200185,False
2022-02-16,-8.039601830723695,False
2022-02-17,-4.915031296329509,False
2022-02-18,-13.303008587145571,False
2022-02-19,-14.431273969431833,False
2022-02-20,-23.2086835760641,False
2022-02-21,-26.10807358782232,False
2022-02-22,-25.664158494074243,False
2022-02-23,-23.283859245196158,False
2022-02-24,-9.763913803935395,False
2022-02-25,-6.909944322345488,False
2022-02-26,-10.519701586129173,False
2022-02-27,-9.157130293760945,False
2022-02-28,-6.796242249878643,False
2022-03-01,-0.3711041386873604,False
2022-03-02,-8.693410799423441,False
2022-03-03,-29.848814192312904,False
2022-03-04,-33.66603211047158,False
2022-03-05,-28.405101236255508,False
2022-03-06,-4.595487401729022,False
2022-03-07,3.0663138156439462,False
2022-03-08,-3.2440783503178943,False
2022-03-09,-15.260893307212376,False
2022-03-10,-20.870322432656316,False
2022-03-11,-25.988682207762626,False
2022-03-12,-20.217541617867457,False
2022-03-13,-21.371496950706945,False
2022-03-14,-16.161885495928505,False
2022-03-15,-23.833368621734817,False
2022-03-16,-21.188557850261276,False
2022-03-17,-21.45521520143595,False
2022-03-18,-41.86569155309777,False
2022-03-19,-55.40914083250323,True
2022-03-20,-53.38839709405813,True
2022-03-21,-19.510102086650154,False
2022-03-22,-1.3760163753320793,False
2022-03-23,-3.094341781474622,False
2022-03-24,-12.592196409600723,False
2022-03-25,-17.362136243492106,False
2022-03-26,-19.527292973900185,False
2022-03-27,-15.911277133175197,False
2022-03-28,-14.722053043936532,False
2022-03-29,-5.820778391646134,False
2022-03-30,-7.42856229684381,False
2022-03-31,-11.307578411090434,False
2022-04-01,-19.72724165365391,False
2022-04-02,-22.63414676389354,False
2022-04-03,-22.725367330791784,False
2022-04-04,-17.743974956500825,False
2022-04-05,-10.782115035408387,False
2022-04-06,-13.088915270523659,False
2022-04-07,-8.587623021950284,False
2022-04-08,-13.326455931053559,False
2022-04-09,-10.199209305725923,False
2022-04-10,-44.60999874985313,False
2022-04-11,-53.22246538677462,True
2022-04-12,-49.60081462393668,False
2022-04-13,-18.213403867277822,False
2022-04-14,-9.641753054658912,False
2022-04-15,-12.909971771203622,False
2022-04-16,-13.793590488756957,False
2022-04-17,-18.918463687830275,False
2022-04-18,-21.302637266114942,False
2022-04-19,-53.18004768285366,True
2022-04-20,-51.947021947984496,True
2022-04-21,-48.656579509932804,False
2022-04-22,-24.26925318250409,False
2022-04-23,-17.38637556009299,False
2022-04-24,-18.70317321794944,False
2022-04-25,-19.73737326307786,False
2022-04-26,-16.944135774983277,False
2022-04-27,-19.73993615298554,False
2022-04-28,-16.520418637421027,False
2022-04-29,-20.377099266325942,False
2022-04-30,-12.844183561418882,False
2022-05-01,-13.666461089274947,False
2022-05-02,-14.222018478806831,False
2022-05-03,-17.1013018751994,False
2022-05-04,-10.265592170233235,False
2022-05-05,-9.806545348516222,False
2022-05-06,-12.989922706171802,False
2022-05-07,-19.072706017819257,False
2022-05-08,-19.433896706742658,False
2022-05-09,-22.254341398351798,False
2022-05-10,-30.62938244973535,False
2022-05-11,-29.227718765290177,False
2022-05-12,-49.22289324079964,False
2022-05-13,-46.989221048988576,False
2022-05-14,-52.77438308445898,True
2022-05-15,-26.0140355169863,False
2022-05-16,-8.332323895972154,False
2022-05-17,-4.210226246430772,False
2022-05-18,-9.5988550553681,False
2022-05-19,-18.560422698634255,False
2022-05-20,-13.14409185274315,False
2022-05-21,-12.815936804324755,False
2022-05-22,-15.281119066506406,False
2022-05-23,-22.711598831827274,False
2022-05-24,-23.941056548363985,False
2022-05-25,-43.368008637146765,False
2022-05-26,-34.93832071454039,False
2022-05-27,-29.832689189041428,False
2022-05-28,-8.21838308216278,False
2022-05-29,-15.8843419917032,False
2022-05-30,-23.429422318953943,False
2022-05-31,-18.887569201860156,False
2022-06-01,-18.03167291424919,False
2022-06-02,-12.500829333825065,False
2022-06-03,-3.260838171034256,False
2022-06-04,-1.7544777495203026,False
2022-06-05,-4.039722295538538,False
2022-06-06,-18.517582951740156,False
2022-06-07,-15.11881174841588,False
2022-06-08,-11.658565905884084,False
2022-06-09,-39.153652715185466,False
2022-06-10,-40.070519813671666,False
2022-06-11,-43.1961777979787,False
2022-06-12,-6.502469498984965,False
2022-06-13,-5.859192974427185,False
2022-06-14,-4.975904214906215,False
2022-06-15,-7.345029872835947,False
2022-06-16,-11.393800093584929,False
2022-06-17,-6.193417810461045,False
2022-06-18,-9.378551988223597,False
2022-06-19,-13.035400650296703,False
2022-06-20,-19.02069468005543,False
2022-06-21,-16.83978267890868,False
2022-06-22,-14.793457387371353,False
2022-06-23,-13.83385191106949,False
2022-06-24,-21.774185498791542,False
2022-06-25,-18.74068790799154,False
2022-06-26,-8.875994378050974,False
2022-06-27,-32.33796861899034,False
2022-06-28,-33.93548705467315,False
2022-06-29,-36.53670450998401,False
2022-06-30,-9.572805516630096,False
2022-07-01,-7.860196158322194,False
2022-07-02,-17.758652492571432,False
2022-07-03,-15.726858538757975,False
2022-07-04,-18.284922783775105,False
2022-07-05,-10.092428688468134,False
2022-07-06,-7.056112871039724,False
2022-07-07,4.050718757052926,False
2022-07-08,2.4263314671877763,False
2022-07-09,-1.0200274727425622,False
2022-07-10,-10.600744834507672,False
2022-07-11,-14.331942698604728,False
2022-07-12,-14.28119259108663,False
2022-07-13,-29.76637507252779,False
2022-07-14,-27.679865996206576,False
2022-07-15,-23.763411227621507,False
2022-07-16,-13.081936213608254,False
2022-07-17,-9.196265874170528,False
2022-07-18,-9.198195747242906,False
2022-07-19,-5.644299594088658,False
2022-07-20,-18.69123343463922,False
2022-07-21,-26.39098165237641,False
2022-07-22,-20.730729358167654,False
2022-07-23,-12.334782011328807,False
2022-07-24,-13.90070299213072,False
2022-07-25,-21.107780863288028,False
2022-07-26,-17.653828508074287,False
2022-07-27,-11.469685306089126,False
2022-07-28,-10.406314017855033,False
2022-07-29,-15.236091771131996,False
2022-07-30,-18.9900586401128,False
2022-07-31,-21.723970981428035,False
2022-08-01,-13.795170576291516,False
2022-08-02,-13.517419856961588,False
2022-08-03,-4.959145035665592,False
2022-08-04,-5.335383585853553,False
2022-08-05,-0.05285811641635204,False
2022-08-06,-6.6479734505905315,False
2022-08-07,-11.1183172969339,False
2022-08-08,-15.208343315089406,False
2022-08-09,-17.096669507137726,False
2022-08-10,-17.41415274159775,False
2022-08-11,-22.033529480673298,False
2022-08-12,-13.668004483906529,False
2022-08-13,-16.823910799986514,False
2022-08-14,-45.73726110920925,False
2022-08-15,-49.354827176870934,False
2022-08-16,-48.53197788249367,False
2022-08-17,-12.555693202730628,False
2022-08-18,-15.588459315405293,False
2022-08-19,-44.0928779516341,False
2022-08-20,-51.82357187852219,True
2022-08-21,-49.41843893384644,False
2022-08-22,-12.122684406568188,False
2022-08-23,-10.740090984003494,False
2022-08-24,-13.956589184288546,False
2022-08-25,-19.656673781886028,False
2022-08-26,-45.31780312654718,False
2022-08-27,-41.204302847353546,False
2022-08-28,-41.30318572539855,False
2022-08-29,-9.10184520806801,False
2022-08-30,-6.065566237337354,False
2022-08-31,-6.383040130213957,False
2022-09-01,-9.886956622935207,False
2022-09-02,-11.635461185949175,False
2022-09-03,-5.675208074082364,False
2022-09-04,-5.240712441138488,False
2022-09-05,-11.82912446463198,False
2022-09-06,-15.000329527064949,False
2022-09-07,-14.95131919734905,False
2022-09-08,-19.74388016272263,False
2022-09-09,-20.78251613126883,False
2022-09-10,-22.44230421927013,False
2022-09-11,-14.113759164430627,False
2022-09-12,-16.175524550756258,False
2022-09-13,-13.2722130878243,False
2022-09-14,-10.072272690051499,False
2022-09-15,-13.142139494606932,False
2022-09-16,-11.851715021018867,False
2022-09-17,-15.727708999910694,False
2022-09-18,-11.030521594081309,False
2022-09-19,-10.621474850733426,False
2022-09-20,-13.325042948576138,False
2022-09-21,-11.93635640742602,False
2022-09-22,-16.541680123934427,False
2022-09-23,-9.567694122631465,False
2022-09-24,-41.39938276055352,False
2022-09-25,-31.90279427291684,False
2022-09-26,-36.02888939552883,False
2022-09-27,-9.938396406779693,False
2022-09-28,-17.368809537511115,False
2022-09-29,-17.68766473936081,False
2022-09-30,-13.090629947119817,False
2022-10-01,-19.478193957315238,False
2022-10-02,-22.480204502563552,False
2022-10-03,-29.951183796648525,False
2022-10-04,-19.684710995007872,False
2022-10-05,-8.627527828094754,False
2022-10-06,-4.774113015927867,False
2022-10-07,-9.250630276582212,False
2022-10-08,-15.812875114457187,False
2022-10-09,-10.747565029874542,False
2022-10-10,-13.781690673876795,False
2022-10-11,-13.10842339539038,False
2022-10-12,-13.855146086693422,False
2022-10-13,-8.141356870171744,False
2022-10-14,-8.336506334715912,False
2022-10-15,-8.233112483577065,False
2022-10-16,-21.050418335333394,False
2022-10-17,-19.09724352360474,False
2022-10-18,-25.717730626383,False
2022-10-19,-22.227333041811878,False
2022-10-20,-22.894023921835586,False
2022-10-21,-14.783087008674059,False
2022-10-22,-33.655949973569896,False
2022-10-23,-31.889262182858065,False
2022-10-24,-30.93478333155532,False
2022-10-25,0.5202690351025403,False
2022-10-26,3.2686289637763566,False
2022-10-27,-0.21197410389065632,False
2022-10-28,-5.169897362620474,False
2022-10-29,-18.13761872769472,False
2022-10-30,-22.090378644502085,False
2022-10-31,-25.76509958137322,False
2022-11-01,-10.673465463793292,False
2022-11-02,-10.392758761002844,False
2022-11-03,-6.526953152600135,False
2022-11-04,-13.00478251842952,False
2022-11-05,-12.126829483210358,False
2022-11-06,-5.839444548625289,False
2022-11-07,-10.535983499724965,False
2022-11-08,-9.93196346426581,False
2022-11-09,-19.682049968781016,False
2022-11-10,-22.47154256672603,False
2022-11-11,-25.697048751296148,False
2022-11-12,-22.8753135966976,False
2022-11-13,-19.312432449883815,False
2022-11-14,-19.635040005758096,False
2022-11-15,-25.112162672251785,False
2022-11-16,-23.727376064697523,False
2022-11-17,-26.97657364132611,False
2022-11-18,-36.702527944275666,False
2022-11-19,-36.04034664202287,False
2022-11-20,-35.85167114375858,False
2022-11-21,-21.737283294321145,False
2022-11-22,-25.075667928421492,False
2022-11-23,-17.96876388888505,False
2022-11-24,-11.370125796593017,False
2022-11-25,-15.862190052813665,False
2022-11-26,-16.678783777900716,False
2022-11-27,-22.681116744259857,False
2022-11-28,-12.495066559875015,False
2022-11-29,-12.102384363513929,False
2022-11-30,-14.469730508202645,False
2022-12-01,-18.43130655667098,False
2022-12-02,-22.46819649683569,False
2022-12-03,-15.156290615486023,False
2022-12-04,-13.79482827813178,False
2022-12-05,-3.0059621079057943,False
2022-12-06,-7.55263391755867,False
2022-12-07,-10.471507579888291,False
2022-12-08,-24.13112789335163,False
2022-12-09,-31.101043343116928,False
2022-12-10,-34.60396004749703,False
2022-12-11,-27.48059587299979,False
2022-12-12,-18.233137075056277,False
2022-12-13,-18.22135611116285,False
2022-12-14,-15.709709458904323,False
2022-12-15,-19.676853758557822,False
2022-12-16,-12.764918902487087,False
2022-12-17,-9.896189645769851,False
2022-12-18,-4.376588175573966,False
2022-12-19,-6.0378828151394925,False
2022-12-20,-16.051534229822337,False
2022-12-21,-28.246153098601685,False
2022-12-22,-30.048643783948034,False
2022-12-23,-27.328395837597665,False
2022-12-24,-22.669852340885182,False
2022-12-25,-20.31826693228472,False
2022-12-26,-19.166338445138866,False
2022-12-27,-16.117044263766445,False
2022-12-28,-18.192026718691068,False
2022-12-29,-17.82481556265923,False
2022-12-30,-15.157629037149277,False
2022-12-31,-16.919215023626823,False
2023-01-01,-11.950104192508652,False
2023-01-02,-45.8641601946486,False
2023-01-03,-41.427165393097816,False
2023-01-04,-44.23803721905667,False
2023-01-05,-11.15887929014036,False
2023-01-06,-7.421731246266771,False
2023-01-07,-9.106092278485702,False
2023-01-08,-12.488706302101463,False
2023-01-09,-14.855238736930033,False
2023-01-10,-20.578640227019978,False
2023-01-11,-17.694651905352135,False
2023-01-12,-19.273585968754386,False
2023-01-13,-15.531148568561896,False
2023-01-14,-16.479537437423712,False
2023-01-15,-23.87401365683642,False
2023-01-16,-25.236445858710113,False
2023-01-17,-24.35091620838993,False
2023-01-18,-16.184094458409774,False
2023-01-19,-30.42023254695007,False
2023-01-20,-25.728780788055726,False
2023-01-21,-29.83290574890333,False
2023-01-22,-9.52403922729224,False
2023-01-23,-37.954922416527644,False
2023-01-24,-37.07513226304486,False
2023-01-25,-33.85171749471375,False
2023-01-26,-37.16325239969639,False
2023-01-27,-30.901726465881172,False
2023-01-28,-34.000640764147306,False
2023-01-29,-10.003534869694645,False
2023-01-30,-8.110290363877336,False
2023-01-31,-13.11280569444506,False
2023-02-01,-9.275550341019054,False
2023-02-02,-13.804124186191487,False
2023-02-03,-13.341173093677867,False
2023-02-04,-11.252714518158166,False
2023-02-05,-9.120046991034197,False
2023-02-06,-15.576939918104728,False
2023-02-07,-13.602812039231246,False
2023-02-08,-23.4267348735828,False
2023-02-09,-12.302422163263444,False
2023-02-10,-13.012962587465722,False
2023-02-11,-10.726860356183815,False
2023-02-12,-16.500302325368782,False
2023-02-13,-25.42994154662286,False
2023-02-14,-21.92575994691701,False
2023-02-15,-21.514639931841632,False
2023-02-16,-13.973179128820533,False
2023-02-17,-7.872260023187157,False
2023-02-18,-1.057387643284369,False
2023-02-19,-6.424701878674935,False
2023-02-20,-12.502824358131482,False
2023-02-21,-24.8193123701751,False
2023-02-22,-25.79412052984665,False
2023-02-23,-21.09782650247871,False
2023-02-24,-7.901742439401981,False
2023-02-25,-9.615657660936916,False
2023-02-26,-15.844921229938324,False
2023-02-27,-22.41287555196696,False
2023-02-28,-16.35483542916884,False
2023-03-01,-17.223392472243848,False
2023-03-02,-15.421525266551782,False
2023-03-03,-18.437527290113874,False
2023-03-04,-15.256922293940406,False
2023-03-05,-14.768029479781966,False
2023-03-06,-12.84698301225455,False
2023-03-07,-14.53471749084771,False
2023-03-08,-17.15829369856583,False
2023-03-09,-17.537434614630925,False
2023-03-10,-48.849426042418266,False
2023-03-11,-49.446171077383354,False
2023-03-12,-77.6755559867837,True
2023-03-13,-42.374343205125136,False
2023-03-14,-42.52108022657337,False
2023-03-15,-11.150425862308728,False
2023-03-16,-14.72938161309772,False
2023-03-17,-8.854961790634514,False
2023-03-18,-10.164210639885079,False
2023-03-19,-9.258141256877956,False
2023-03-20,-12.159772103983409,False
2023-03-21,-19.921845481049782,False
2023-03-22,-23.999706780672085,False
2023-03-23,-30.566274509509416,False
2023-03-24,-23.710997522180595,False
2023-03-25,-12.273867648601005,False
2023-03-26,1.427032961765745,False
2023-03-27,3.4074649884739467,False
2023-03-28,-1.519217109688593,False
2023-03-29,-17.648648631070078,False
2023-03-30,-22.371548235769193,False
2023-03-31,-27.526061143179977,False
2023-04-01,-22.805220599573488,False
2023-04-02,-38.23159606368204,False
2023-04-03,-36.9688233668376,False
2023-04-04,-42.40263221533628,False
2023-04-05,-57.00915051432861,True
2023-04-06,-59.41176030649931,True
2023-04-07,-50.537573608551575,True
2023-04-08,-10.037653967514709,False
2023-04-09,-9.424220230901177,False
2023-04-10,-20.502357778331096,False
2023-04-11,-29.94270534485143,False
2023-04-12,-21.861328438511453,False
2023-04-13,-3.9067885306437593,False
2023-04-14,-7.6809700209329845,False
2023-04-15,-10.098011667981181,False
2023-04-16,-19.79264331198377,False
2023-04-17,-15.298238351390642,False
2023-04-18,-6.70766185626859,False
2023-04-19,-10.858301342728987,False
2023-04-20,-9.419549279534152,False
2023-04-21,-18.126149980540557,False
2023-04-22,-7.771123367202558,False
2023-04-23,-8.39414939929727,False
2023-04-24,-9.032719928342594,False
2023-04-25,-14.942459497787146,False
2023-04-26,-14.257884346690298,False
2023-04-27,-16.862855606696346,False
2023-04-28,-12.80997377758498,False
2023-04-29,-15.364922886739947,False
2023-04-30,-12.483752209141558,False
2023-05-01,-15.087091023305675,False
2023-05-02,-9.104448676042468,False
2023-05-03,-10.81842514600516,False
2023-05-04,-17.793503764092772,False
2023-05-05,-17.25001876432548,False
2023-05-06,-20.66737307342201,False
2023-05-07,-16.190308555189763,False
2023-05-08,-23.620639734219697,False
2023-05-09,-14.499958158085953,False
2023-05-10,-20.427589659405456,False
2023-05-11,-5.493950348591511,False
2023-05-12,-6.767475485010574,False
2023-05-13,2.6681770274208465,False
2023-05-14,-10.102393109684273,False
2023-05-15,-13.18440404651785,False
2023-05-16,-11.992869989517137,False
2023-05-17,-33.85143266038199,False
2023-05-18,-32.771231095798825,False
2023-05-19,-34.49739808429518,False
2023-05-20,-13.208613092194488,False
2023-05-21,-16.036124090822327,False
2023-05-22,-17.174079937254046,False
2023-05-23,-11.849645868556486,False
2023-05-24,-8.870325844818991,False
2023-05-25,-19.852247262065386,False
2023-05-26,-21.7637245434146,False
2023-05-27,-23.35900665366295,False
2023-05-28,-11.672287140789416,False
2023-05-29,-15.849964059264005,False
2023-05-30,-12.132457958195053,False
2023-05-31,-8.267517083920032,False
2023-06-01,-9.804953942858923,False
2023-06-02,-12.673195674304836,False
2023-06-03,-36.103801387345314,False
2023-06-04,-38.5307633752066,False
2023-06-05,-42.6658414220646,False
2023-06-06,-19.57576766798452,False
2023-06-07,-10.24479482732445,False
2023-06-08,-5.685584248575419,False
2023-06-09,-6.234774990714466,False
2023-06-10,-7.982562023758978,False
2023-06-11,-12.60083008503996,False
2023-06-12,-13.773523053736184,False
2023-06-13,-12.636598101285289,False
2023-06-14,-7.053506401139184,False
2023-06-15,-4.025543093936373,False
2023-06-16,-4.393965806042847,False
2023-06-17,-6.005338295130813,False
2023-06-18,-6.480390827763675,False
2023-06-19,-9.41969125356417,False
2023-06-20,-14.352982688641374,False
2023-06-21,-19.28585149768214,False
2023-06-22,-22.159377039911693,False
2023-06-23,-53.28251109693616,True
2023-06-24,-53.208317924023184,True
2023-06-25,-53.39838702879723,True
2023-06-26,-19.97960048541805,False
2023-06-27,-26.975984470371117,False
2023-06-28,-22.95312995687952,False
2023-06-29,-21.716461936874463,False
2023-06-30,-17.410357793332082,False
2023-07-01,-48.23516343572359,False
2023-07-02,-44.48970478666626,False
2023-07-03,-47.6515897198694,False
2023-07-04,-20.730858021234493,False
2023-07-05,-27.55770797088992,False
2023-07-06,-24.887080917849477,False
2023-07-07,-18.518282435857632,False
2023-07-08,-16.21701759179965,False
2023-07-09,-13.515464552606636,False
2023-07-10,-24.848813377960642,False
2023-07-11,-41.57049403329261,False
2023-07-12,-45.46946824746406,False
2023-07-13,-37.21428826877173,False
2023-07-14,-18.607795306515783,False
2023-07-15,-8.208127343747288,False
2023-07-16,-13.68313946128905,False
2023-07-17,-26.87069583640512,False
2023-07-18,-31.577932040744944,False
2023-07-19,-19.14060571822508,False
2023-07-20,-2.1067716831840255,False
2023-07-21,-2.003532201100302,False
2023-07-22,-11.172121669671908,False
2023-07-23,-12.899416694880415,False
2023-07-24,-17.632239154796792,False
2023-07-25,-13.760263334843726,False
2023-07-26,-51.861684617171136,True
2023-07-27,-43.726660188357755,False
2023-07-28,-34.59345111013831,False
2023-07-29,1.8491436543549316,False
2023-07-30,-4.427550478470582,False
2023-07-31,-15.568487882882872,False
2023-08-01,-24.214455371154415,False
2023-08-02,-24.95745339268065,False
2023-08-03,-26.49228589636509,False
2023-08-04,-21.512335868546984,False
2023-08-05,-18.124063856055866,False
2023-08-06,-19.776613833132252,False
2023-08-07,-13.196137572095997,False
2023-08-08,-13.804728800558095,False
2023-08-09,-10.55225035558375,False
2023-08-10,-16.347951890933306,False
2023-08-11,-15.72801741517018,False
2023-08-12,-12.390423071945184,False
2023-08-13,-14.547365068737113,False
2023-08-14,-17.800593760474058,False
2023-08-15,-22.315890934251257,False
2023-08-16,-24.230853765300512,False
2023-08-17,-24.875419247885475,False
2023-08-18,-25.565398626957457,False
2023-08-19,-16.684358210213684,False
2023-08-20,-12.357081455319992,False
2023-08-21,-9.67783831567118,False
2023-08-22,-9.771803189850202,False
2023-08-23,-11.371535659455487,False
2023-08-24,-10.584035905210106,False
2023-08-25,-14.40051476561198,False
2023-08-26,-12.789578214415881,False
2023-08-27,-16.682472244577767,False
2023-08-28,-26.0248538659535,False
2023-08-29,-27.623419912297226,False
2023-08-30,-19.60139273745114,False
2023-08-31,-6.1412624953790536,False
2023-09-01,-1.7425559082691546,False
2023-09-02,-2.489025565444043,False
2023-09-03,-5.839256810564663,False
2023-09-04,-8.911583919306963,False
2023-09-05,-16.326714388269234,False
2023-09-06,-17.945636176223186,False
2023-09-07,-16.271814406761,False
2023-09-08,-8.985669076348335,False
2023-09-09,-8.279162754964135,False
2023-09-10,-12.543004413454346,False
2023-09-11,-17.356430326703222,False
2023-09-12,-14.393818228262765,False
2023-09-13,-18.368480433391284,False
2023-09-14,-27.55531608136663,False
2023-09-15,-32.162290475049424,False
2023-09-16,-31.269720914171888,False
2023-09-17,-24.11755789221218,False
2023-09-18,-43.06228981581904,False
2023-09-19,-39.99243374825446,False
2023-09-20,-32.15000281978224,False
2023-09-21,-9.696144439799758,False
2023-09-22,-6.681253365264392,False
2023-09-23,-10.002294926973766,False
2023-09-24,-15.864606456506124,False
2023-09-25,-12.910056745268362,False
2023-09-26,-15.701942467583807,False
2023-09-27,-8.464687527495881,False
2023-09-28,-16.908563609337577,False
2023-09-29,-22.820541527259994,False
2023-09-30,-22.230905364124727,False
2023-10-01,-16.437838327574045,False
2023-10-02,-13.831009480939828,False
2023-10-03,-20.58122043813872,False
2023-10-04,-17.585119404869708,False
2023-10-05,-18.734560758908977,False
2023-10-06,-8.685216620786345,False
2023-10-07,-16.7894386970369,False
2023-10-08,-9.478223423134056,False
2023-10-09,-17.36338913915385,False
2023-10-10,-11.348156476233001,False
2023-10-11,-16.078180187123305,False
2023-10-12,-15.414877908416543,False
2023-10-13,-17.66395093116303,False
2023-10-14,-19.49624474583215,False
2023-10-15,-15.881775739862471,False
2023-10-16,-18.098306707331698,False
2023-10-17,-15.00395654556588,False
2023-10-18,-21.944651425680433,False
2023-10-19,-30.141131794975333,False
2023-10-20,-29.990843184015933,False
2023-10-21,-16.362983999130222,False
2023-10-22,-2.9752322123568846,False
2023-10-23,-2.288162680893787,False
2023-10-24,-12.99018768417852,False
2023-10-25,-16.038741264522432,False
2023-10-26,-13.773223284884011,False
2023-10-27,-17.444911229286323,False
2023-10-28,-13.077488021859018,False
2023-10-29,-31.524406664724705,False
2023-10-30,-23.928412500657586,False
2023-10-31,-56.4389346374115,True
2023-11-01,-40.102025824470694,False
2023-11-02,-40.283323783435144,False
2023-11-03,-9.862831890391215,False
2023-11-04,-11.35746136493127,False
2023-11-05,-16.34331340038615,False
2023-11-06,-18.30314475430372,False
2023-11-07,-10.690901304558873,False
2023-11-08,-13.352922515586874,False
2023-11-09,-19.63044875964458,False
2023-11-10,-25.16748600067926,False
2023-11-11,-20.007506890639586,False
2023-11-12,-13.444039170148192,False
2023-11-13,-13.127269743460259,False
2023-11-14,-14.22362956942355,False
2023-11-15,-8.957542472496856,False
2023-11-16,-16.336971178036915,False
2023-11-17,-18.75815025861868,False
2023-11-18,-25.130623053623196,False
2023-11-19,-25.299762384333803,False
2023-11-20,-22.689191902941104,False
2023-11-21,-15.630292199432844,False
2023-11-22,-8.97399100163233,False
2023-11-23,-7.347769761029311,False
2023-11-24,-19.034309484631706,False
2023-11-25,-21.583301069973462,False
2023-11-26,-24.006890214143947,False
2023-11-27,-20.23709154047856,False
2023-11-28,-12.645070728305575,False
2023-11-29,-8.91352096410933,False
2023-11-30,-12.08849240483252,False
2023-12-01,-16.229048471119572,False
2023-12-02,-16.466925720032933,False
2023-12-03,-7.460497738199738,False
2023-12-04,-25.715369621698063,False
2023-12-05,-31.768633382996683,False
2023-12-06,-39.5726595819231,False
2023-12-07,-27.33411824781126,False
2023-12-08,-24.20982091692771,False
2023-12-09,-19.10095737430102,False
2023-12-10,-10.121307872286147,False
2023-12-11,-9.489032530428313,False
2023-12-12,-12.633856121233025,False
2023-12-13,-15.97616221859447,False
2023-12-14,-19.012929730544474,False
2023-12-15,-9.375384750746004,False
2023-12-16,-16.4130608282132,False
2023-12-17,-12.333526906110208,False
2023-12-18,-12.597256915970746,False
2023-12-19,-6.1394134292585205,False
2023-12-20,-7.638531884847396,False
2023-12-21,-17.162738453007663,False
2023-12-22,-17.911504558297285,False
2023-12-23,-11.659954519585186,False
2023-12-24,-19.077620473661508,False
2023-12-25,-12.222318941426574,False
2023-12-26,-23.409541449933275,False
2023-12-27,-15.628703121552908,False
2023-12-28,-23.47941560793286,False
2023-12-29,-15.429373919049398,False
2023-12-30,-20.755262009646728,False
2023-12-31,-17.18959366412431,False
2024-01-01,-11.446568250059778,False
2024-01-02,-10.50676686089603,False
2024-01-03,-11.59663285478222,False
2024-01-04,-22.341800059116068,False
2024-01-05,-15.185555215972682,False
2024-01-06,-15.867788776751254,False
2024-01-07,-15.785807701742058,False
2024-01-08,-15.537867387029905,False
2024-01-09,-45.171965063596126,False
2024-01-10,-43.369632594328074,False
2024-01-11,-42.44208996521965,False
2024-01-12,-18.057675229801095,False
2024-01-13,-21.119805570163933,False
2024-01-14,-56.86365555814291,True
2024-01-15,-45.7540996125144,False
2024-01-16,-40.505900710099716,False
2024-01-17,-8.893314612806085,False
2024-01-18,-14.832613105256527,False
2024-01-19,-21.256697436278035,False
2024-01-20,-17.586404008763953,False
2024-01-21,-14.054237381163732,False
2024-01-22,-10.860967776617185,False
2024-01-23,-15.159197673076656,False
2024-01-24,-17.6250170037621,False
2024-01-25,-17.56353461659216,False
2024-01-26,-15.947896484057445,False
2024-01-27,-8.612522245999578,False
2024-01-28,-7.853746104821183,False
2024-01-29,-9.022576254402782,False
2024-01-30,-20.01163063360948,False
2024-01-31,-16.046759944625745,False
2024-02-01,-15.33829602941327,False
2024-02-02,-15.345620960158337,False
2024-02-03,-13.037172717066035,False
2024-02-04,-6.633864006139075,False
2024-02-05,-6.4380661158081915,False
2024-02-06,-19.189442050342702,False
2024-02-07,-20.83779930904956,False
2024-02-08,-21.17462434913476,False
2024-02-09,-10.545962147041221,False
2024-02-10,-22.456432177236252,False
2024-02-11,-44.972159742266946,False
2024-02-12,-52.979349856041146,True
2024-02-13,-42.175878108927705,False
2024-02-14,-16.864538969511262,False
2024-02-15,-31.863414060332413,False
2024-02-16,-36.41461578830563,False
2024-02-17,-33.72643423182456,False
2024-02-18,-13.459293611419355,False
2024-02-19,-9.493496437822294,False
2024-02-20,-4.333007927587154,False
2024-02-21,-11.013552186892298,False
2024-02-22,-6.882353808907737,False
2024-02-23,-14.370692396876828,False
2024-02-24,-11.708862143325137,False
2024-02-25,-23.498966946155594,False
2024-02-26,-24.67287225935658,False
2024-02-27,-43.35138891359323,False
2024-02-28,-38.54033089214741,False
2024-02-29,-31.739229608049893,False
2024-03-01,-15.270279520726959,False
2024-03-02,-14.808438830601041,False
2024-03-03,-25.86263232924291,False
2024-03-04,-18.6034020385368,False
2024-03-05,-15.00749668676338,False
2024-03-06,-11.680970083835115,False
2024-03-07,-23.552353040843524,False
2024-03-08,-26.304110014046746,False
2024-03-09,-22.8741086323885,False
2024-03-10,-10.840074186033169,False
2024-03-11,-6.692738005930529,False
2024-03-12,-12.723906931460762,False
2024-03-13,-11.620221529505756,False
2024-03-14,-11.793320246882473,False
2024-03-15,-14.623455864312346,False
2024-03-16,-16.06571298243823,False
2024-03-17,-22.852462356380823,False
2024-03-18,-16.064202712761332,False
2024-03-19,-15.952104082283897,False
2024-03-20,-15.884299014707421,False
2024-03-21,-18.261040638947286,False
2024-03-22,-19.515136903148534,False
2024-03-23,-21.915206402145532,False
2024-03-24,-23.55567460103983,False
2024-03-25,-20.974791139165912,False
2024-03-26,-21.220983524349325,False
2024-03-27,-14.212433005171738,False
2024-03-28,-15.079560965581946,False
2024-03-29,-17.38761174010971,False
2024-03-30,-22.763120353089178,False
2024-03-31,-19.837047912315494,False
2024-04-01,-16.85848312171183,False
2024-04-02,-16.00584156160676,False
2024-04-03,-18.934035600788665,False
2024-04-04,-11.875811439099557,False
2024-04-05,-11.02434993403999,False
2024-04-06,-15.262634285814139,False
2024-04-07,-12.706716876150493,False
2024-04-08,-4.744962676782193,False
2024-04-09,1.5605103051115552,False
2024-04-10,-3.7876965714223787,False
2024-04-11,-13.976358113176401,False
2024-04-12,-21.213567942529846,False
2024-04-13,-19.464784091726912,False
2024-04-14,-14.55812832160847,False
2024-04-15,-27.630209710574633,False
2024-04-16,-27.11846576149311,False
2024-04-17,-34.804379852087116,False
2024-04-18,-14.20273036600301,False
2024-04-19,-20.796773245405216,False
2024-04-20,-16.32033712617535,False
2024-04-21,-19.52732677206025,False
2024-04-22,-7.5524143036667395,False
2024-04-23,6.42314500816411,False
2024-04-24,7.849236419702064,False
2024-04-25,-0.866220014315345,False
2024-04-26,-11.167871644414587,False
2024-04-27,-10.044142177463975,False
2024-04-28,-10.59402620481119,False
2024-04-29,-5.551203375084101,False
2024-04-30,-8.181542041813836,False
2024-05-01,-4.907899183219493,False
2024-05-02,-9.425047598650936,False
2024-05-03,-8.658984192958721,False
2024-05-04,-7.2941945474458505,False
2024-05-05,-12.426904301851389,False
2024-05-06,-16.346457760093333,False
2024-05-07,-24.102836693858563,False
2024-05-08,-19.875819025189966,False
2024-05-09,-14.526865995357385,False
2024-05-10,-8.295157598863062,False
2024-05-11,-25.69377980782208,False
2024-05-12,-28.83190989718672,False
2024-05-13,-27.98803473942421,False
2024-05-14,-44.42288358806053,False
2024-05-15,-45.948898322641945,False
2024-05-16,-45.84171391474888,False
2024-05-17,-10.369839336661885,False
2024-05-18,-9.99730831742101,False
2024-05-19,-13.065856355116386,False
2024-05-20,-22.5337597848122,False
2024-05-21,-22.786008797381907,False
2024-05-22,-18.9380791358705,False
2024-05-23,-10.565764084720994,False
2024-05-24,-7.134984395969718,False
2024-05-25,-10.497422301325024,False
2024-05-26,-12.769989731238581,False
2024-05-27,-17.41393717465721,False
2024-05-28,-14.81771824257091,False
2024-05-29,-13.162079099526055,False
2024-05-30,-8.55271914966107,False
2024-05-31,-13.452172201141531,False
2024-06-01,-23.74943565818407,False
2024-06-02,-21.32890020314049,False
2024-06-03,-21.14011065650378,False
2024-06-04,-15.977842033191285,False
2024-06-05,-17.592537232550097,False
2024-06-06,-17.245237968193,False
2024-06-07,-9.554389375834026,False
2024-06-08,-9.86028122518321,False
2024-06-09,-5.55795337270478,False
2024-06-10,-15.261521753693406,False
2024-06-11,-12.881769610454596,False
2024-06-12,-14.571044778321081,False
2024-06-13,-10.584330490503755,False
2024-06-14,-14.858552562680352,False
2024-06-15,-23.008495619209057,False
2024-06-16,-53.23848310861981,True
2024-06-17,-73.49795906009452,True
2024-06-18,-71.80369927187537,True
2024-06-19,-46.186039970351395,False
2024-06-20,-22.049364388285966,False
2024-06-21,-19.155736819682982,False
2024-06-22,-6.931389235145424,False
2024-06-23,-37.38815390324825,False
2024-06-24,-61.84378585885429,True
2024-06-25,-72.44479445831493,True
2024-06-26,-41.49553681014404,False
2024-06-27,-44.523601825280686,False
2024-06-28,-42.25065325144845,False
2024-06-29,-46.55382682806505,False
2024-06-30,-14.545945337881038,False
2024-07-01,-7.883200888308792,False
2024-07-02,-2.7292768721482386,False
2024-07-03,-6.1754823999747614,False
2024-07-04,-15.94926840791276,False
2024-07-05,-23.39712597197757,False
2024-07-06,-20.91692936248968,False
2024-07-07,-19.46777432300397,False
2024-07-08,-21.64251733809104,False
2024-07-09,-21.30848783822304,False
2024-07-10,-17.6480615396624,False
2024-07-11,-13.688269898435882,False
2024-07-12,-18.097402763435703,False
2024-07-13,-18.824396213976968,False
2024-07-14,-22.65251677269653,False
2024-07-15,-16.057741789397102,False
2024-07-16,-10.995141593679024,False
2024-07-17,-14.682960465558184,False
2024-07-18,-21.961797550826972,False
2024-07-19,-32.088911910082295,False
2024-07-20,-27.304256198757514,False
2024-07-21,-23.91996463714932,False
2024-07-22,-23.732428495583125,False
2024-07-23,-24.819772010456784,False
2024-07-24,-47.675879519331055,False
2024-07-25,-41.04822932294116,False
2024-07-26,-37.08341272229491,False
2024-07-27,-16.780503547608202,False
2024-07-28,-16.902289376646387,False
2024-07-29,-19.36638706314045,False
2024-07-30,-17.56605729109565,False
2024-07-31,-11.579532418459094,False
2024-08-01,-4.030967872948639,False
2024-08-02,-8.142672379354817,False
2024-08-03,-11.517551069032267,False
2024-08-04,-13.63380905822729,False
2024-08-05,-13.028537265527374,False
2024-08-06,-13.072356362024628,False
2024-08-07,-10.166214906340786,False
2024-08-08,-10.063340976307968,False
2024-08-09,-17.008462835384464,False
2024-08-10,-19.089544641660666,False
2024-08-11,-13.513384173380418,False
2024-08-12,-7.637467788365272,False
2024-08-13,-10.345756790137296,False
2024-08-14,-9.86895434972731,False
2024-08-15,-17.380747963929736,False
2024-08-16,-14.553834003045926,False
2024-08-17,-11.438257717047408,False
2024-08-18,-7.0499321800751895,False
2024-08-19,-11.413110805816432,False
2024-08-20,-41.98606273636412,False
2024-08-21,-39.01148073602067,False
2024-08-22,-36.549343169908646,False
2024-08-23,-10.903515277069294,False
2024-08-24,-8.463120861658624,False
2024-08-25,-12.087659552434962,False
2024-08-26,-9.580471780863316,False
2024-08-27,-18.15654257511379,False
2024-08-28,-16.91444225469098,False
2024-08-29,-19.870282989876724,False
2024-08-30,-14.890393946944497,False
2024-08-31,-16.27429305878098,False
2024-09-01,-37.662157519990075,False
2024-09-02,-35.259200522387815,False
2024-09-03,-35.52814975600725,False
2024-09-04,-19.86917666614153,False
2024-09-05,-16.175029735085875,False
2024-09-06,-8.90215647137106,False
2024-09-07,-7.644898848838817,False
2024-09-08,-11.884403244679723,False
2024-09-09,-19.42211864164704,False
2024-09-10,-13.199118999900326,False
2024-09-11,-14.78105370482713,False
2024-09-12,-40.280568820171645,False
2024-09-13,-44.46958034384147,False
2024-09-14,-48.40864106916049,False
2024-09-15,-47.82298905723741,False
2024-09-16,-48.0152152278136,False
2024-09-17,-45.521764178745975,False
2024-09-18,-21.459041949562177,False
2024-09-19,-15.403544853789919,False
2024-09-20,-46.41513746765613,False
2024-09-21,-45.87231047669329,False
2024-09-22,-47.64290073740227,False
2024-09-23,-14.3638545221269,False
2024-09-24,-10.15563247296963,False
2024-09-25,-37.21694536828203,False
2024-09-26,-36.244956136054874,False
2024-09-27,-36.203969409009346,False
2024-09-28,-15.050924205147645,False
2024-09-29,-14.545029621029443,False
2024-09-30,-12.924862082685104,False
2024-10-01,-11.027356810090238,False
2024-10-02,-37.46011342666988,False
2024-10-03,-38.27596080449257,False
2024-10-04,-56.021703521563914,True
2024-10-05,-28.77365897147732,False
2024-10-06,-22.051484964244157,False
2024-10-07,-32.38874839451379,False
2024-10-08,-42.20483899819294,False
2024-10-09,-50.44505459425088,True
2024-10-10,-16.422654009690994,False
2024-10-11,-11.82194109245497,False
2024-10-12,-7.224172821590336,False
2024-10-13,-15.464846040987902,False
2024-10-14,-11.769706053482386,False
2024-10-15,-20.006191989802094,False
2024-10-16,-7.774257166079913,False
2024-10-17,-2.5758702455338836,False
2024-10-18,-3.219053313631702,False
2024-10-19,-12.29479348209521,False
2024-10-20,-16.826503346848476,False
2024-10-21,-15.308399594873142,False
2024-10-22,-13.291815922967777,False
2024-10-23,-16.62861378871734,False
2024-10-24,-22.758783814349908,False
2024-10-25,-22.632489926997906,False
2024-10-26,-25.49295470542424,False
2024-10-27,-19.786753370232706,False
2024-10-28,-13.956874371980497,False
2024-10-29,-16.223990852840828,False
2024-10-30,-10.99867881624983,False
2024-10-31,-17.889058551452322,False
2024-11-01,-13.982071648318632,False
2024-11-02,-14.0734048111037,False
2024-11-03,-11.597347911500902,False
2024-11-04,-8.195855248639441,False
2024-11-05,-7.484604190714843,False
2024-11-06,-10.170042901723695,False
2024-11-07,-14.90144182863282,False
2024-11-08,-23.114782576995456,False
2024-11-09,-25.091191164177985,False
2024-11-10,-10.845866524912088,False
2024-11-11,-29.17863395871204,False
2024-11-12,-31.281289303628302,False
2024-11-13,-48.36749883183749,False
2024-11-14,-43.48788045427377,False
2024-11-15,-35.89452379992982,False
2024-11-16,-28.409156631686084,False
2024-11-17,-11.635228643433443,False
2024-11-18,-14.326104872956913,False
2024-11-19,-15.21012211758894,False
2024-11-20,-13.846726918200824,False
2024-11-21,-44.01873222064188,False
2024-11-22,-46.24944883958008,False
2024-11-23,-49.99864660179466,False
2024-11-24,-18.623978583707952,False
2024-11-25,-36.554495713340486,False
2024-11-26,-31.678943314402016,False
2024-11-27,-33.63390773472565,False
2024-11-28,-11.096986074883338,False
2024-11-29,-10.636161187943705,False
2024-11-30,-7.701664481446746,False
2024-12-01,-8.961468116493071,False
2024-12-02,-2.6660454060117567,False
2024-12-03,-8.869977109122784,False
2024-12-04,-9.40285117473965,False
2024-12-05,-21.33454995398397,False
2024-12-06,-14.588945627311313,False
2024-12-07,-20.15821998050151,False
2024-12-08,-18.122162714995692,False
2024-12-09,-21.52457295731631,False
2024-12-10,-13.9465600339931,False
2024-12-11,-8.603275003803105,False
2024-12-12,-12.40578485263702,False
2024-12-13,-16.08931528601646,False
2024-12-14,-22.601452480782807,False
2024-12-15,-22.652602617698605,False
2024-12-16,-38.30141057985486,False
2024-12-17,-53.343578063459155,True
2024-12-18,-38.60269247537573,False
2024-12-19,-21.441781655776083,False
2024-12-20,-9.071764756192048,False
2024-12-21,-21.037726718257904,False
2024-12-22,-18.684032837983096,False
2024-12-23,-4.819791743486447,False
2024-12-24,-8.90462897575451,False
2024-12-25,-20.509859698028283,False
2024-12-26,-21.37977008802086,False
2024-12-27,-13.477380129585407,False
2024-12-28,-9.430853516534693,False
2024-12-29,-14.776197873532082,False
2024-12-30,-26.877645539083204,False
2024-12-31,-23.390972585189093,False
2025-01-01,-24.218204238306498,False
2025-01-02,-9.978132724087667,False
2025-01-03,-14.047218559646462,False
2025-01-04,-15.015754605405368,False
2025-01-05,-22.41453366779503,False
2025-01-06,-17.337414835927618,False
2025-01-07,-21.261548770993148,False
2025-01-08,-19.192253623395683,False
2025-01-09,-24.197050225253864,False
2025-01-10,-18.011119968507142,False
2025-01-11,-12.944912145239599,False
2025-01-12,-9.900132845908338,False
2025-01-13,-12.351725833362854,False
2025-01-14,-21.57989595852369,False
2025-01-15,-21.840120270721183,False
2025-01-16,-22.193890718728273,False
2025-01-17,-5.916352696074202,False
2025-01-18,-9.165514207143708,False
2025-01-19,-3.10798678396698,False
2025-01-20,-9.603724054223647,False
2025-01-21,-4.033310333166447,False
2025-01-22,-2.855537351395663,False
2025-01-23,-5.354550554831444,False
2025-01-24,-4.920459390120274,False
2025-01-25,-30.726629283126744,False
2025-01-26,-27.320775643879685,False
2025-01-27,-24.49153549130786,False
2025-01-28,-8.222556685066776,False
2025-01-29,-18.393820993136355,False
2025-01-30,-23.591620477962522,False
2025-01-31,-24.289065585568256,False
2025-02-01,-19.266175105634606,False
2025-02-02,-13.504500017315422,False
2025-02-03,-12.133552380071995,False
2025-02-04,-12.050747606856874,False
2025-02-05,-16.768409206359852,False
2025-02-06,-11.545479057191551,False
2025-02-07,-20.361742867883674,False
2025-02-08,-23.020634986178447,False
2025-02-09,-25.569223745881686,False
2025-02-10,-11.781350584235824,False
2025-02-11,-11.32215919519946,False
2025-02-12,-19.673504788484845,False
2025-02-13,-21.99497483032775,False
2025-02-14,-22.568814595605442,False
2025-02-15,-19.821270407799393,False
2025-02-16,-24.79749775051683,False
2025-02-17,-22.99414962583771,False
2025-02-18,-20.65446164762912,False
2025-02-19,-26.9793443171725,False
2025-02-20,-22.652978099000574,False
2025-02-21,-15.134499275732834,False
2025-02-22,-3.706147081978534,False
2025-02-23,-11.84515455122633,False
2025-02-24,-37.61288693432876,False
2025-02-25,-40.24506016060462,False
2025-02-26,-33.29913992065771,False
2025-02-27,-9.95754574779784,False
2025-02-28,-12.86815568199399,False
2025-03-01,-14.93535101458739,False
2025-03-02,-15.779591350998748,False
2025-03-03,-7.019606867297699,False
2025-03-04,-4.5295629336530485,False
2025-03-05,-3.202457802611937,False
2025-03-06,-8.690440579481558,False
2025-03-07,-5.866630157966436,False
2025-03-08,-7.383805723630523,False
2025-03-09,-11.163463876042249,False
2025-03-10,-11.191820576355502,False
2025-03-11,-10.039258670037379,False
2025-03-12,-8.367083113857026,False
2025-03-13,-15.898534863954763,False
2025-03-14,-17.503845773547827,False
2025-03-15,-13.87893050796356,False
2025-03-16,-11.171789575841759,False
2025-03-17,-38.30210741610392,False
2025-03-18,-33.355017098868736,False
2025-03-19,-29.858013552454015,False
2025-03-20,-3.151455527694809,False
2025-03-21,-6.186042702930398,False
2025-03-22,-14.602310925980099,False
2025-03-23,-13.773145091252962,False
2025-03-24,-10.301162015390455,False
2025-03-25,-7.043249982849791,False
2025-03-26,-12.025493897113366,False
2025-03-27,-21.87107485041805,False
2025-03-28,-25.357423418218104,False
2025-03-29,-25.105935336252582,False
2025-03-30,-23.979612176240455,False
2025-03-31,-25.243348103585472,False
2025-04-01,-22.041827135276247,False
2025-04-02,-16.95068604576954,False
2025-04-03,-14.959442689642652,False
2025-04-04,-8.944780330873991,False
2025-04-05,-10.510720671910201,False
2025-04-06,-2.7573736088262897,False
2025-04-07,-11.465847518801914,False
2025-04-08,-10.09091496464583,False
2025-04-09,-18.58097290872331,False
2025-04-10,-12.388644689968729,False
2025-04-11,-15.119388239061067,False
2025-04-12,-8.538647757540678,False
2025-04-13,-16.80201618338612,False
2025-04-14,-21.06965291166666,False
2025-04-15,-20.893744918592258,False
2025-04-16,-19.984758512989657,False
2025-04-17,-14.551653975486744,False
2025-04-18,-22.409118074341265,False
2025-04-19,-15.22302920677779,False
2025-04-20,-22.00594763424832,False
2025-04-21,-14.328196657689242,False
2025-04-22,-15.218369773771913,False
2025-04-23,-13.075363788416176,False
2025-04-24,-49.49718065894902,False
2025-04-25,-50.957935340198794,True
2025-04-26,-50.326215491251446,True
2025-04-27,-20.147817107741535,False
2025-04-28,-29.040088927766075,False
2025-04-29,-25.486121313796346,False
2025-04-30,-27.711113662939734,False
2025-05-01,-19.479234098484184,False
2025-05-02,-21.931627152011952,False
2025-05-03,-12.955844964810952,False
2025-05-04,-14.545403760535642,False
2025-05-05,-14.809402041595012,False
2025-05-06,-14.598490326194613,False
2025-05-07,-12.050076211898684,False
2025-05-08,-9.467661237779206,False
2025-05-09,-10.518073695698284,False
2025-05-10,-18.000594304863178,False
2025-05-11,-16.238063413646362,False
2025-05-12,-15.665258596826057,False
2025-05-13,-13.589702618303624,False
2025-05-14,-17.593179232948355,False
2025-05-15,-20.20028355951329,False
2025-05-16,-16.67153818281423,False
2025-05-17,-14.359776421843288,False
2025-05-18,-8.47708014400803,False
2025-05-19,-3.6120260957097847,False
2025-05-20,-10.196342735709548,False
2025-05-21,-13.433529901810088,False
2025-05-22,-12.444863534359763,False
2025-05-23,-5.6487526778773285,False
2025-05-24,-3.7731109383576555,False
2025-05-25,-1.0397624336962323,False
2025-05-26,1.5078416679748834,False
2025-05-27,-1.8588456502020687,False
2025-05-28,-5.7275735366661165,False
2025-05-29,-9.242860388706477,False
2025-05-30,-10.144482598133571,False
2025-05-31,-15.730493437327516,False
2025-06-01,-10.056391334386646,False
2025-06-02,-13.425718171294472,False
2025-06-03,-5.890590329727079,False
2025-06-04,-10.144787270094026,False
2025-06-05,-12.468297305533788,False
2025-06-06,-17.127171032280568,False
2025-06-07,-27.526733557848548,False
2025-06-08,-19.42747679131664,False
2025-06-09,-17.35714803132636,False
2025-06-10,-11.326465823328078,False
2025-06-11,-13.334307106829892,False
2025-06-12,-9.05860330378471,False
2025-06-13,-8.712166298224242,False
2025-06-14,-13.441987430272974,False
2025-06-15,-15.331963555423725,False
2025-06-16,-5.4586279762527985,False
2025-06-17,-1.208214940635007,False
2025-06-18,-3.089016408851977,False
2025-06-19,-5.573461508851632,False
2025-06-20,-8.558181126396557,False
2025-06-21,-14.545256609501456,False
2025-06-22,-14.98766221900604,False
2025-06-23,-5.277668174018466,False
2025-06-24,-1.0849213918495735,False
2025-06-25,-9.527676858476731,False
2025-06-26,-8.319489526513003,False
2025-06-27,-12.69489655845828,False
2025-06-28,-10.51619026913587,False
2025-06-29,-17.095083377975147,False
2025-06-30,-35.302047130950406,False
2025-07-01,-30.5455921000557,False
2025-07-02,-30.255481436566544,False
2025-07-03,-8.071479971871009,False
2025-07-04,-11.31332520350604,False
2025-07-05,-10.740229146879656,False
2025-07-06,-22.711623578129295,False
2025-07-07,-24.07211208898235,False
2025-07-08,-25.33938240738925,False
2025-07-09,-19.825198431090072,False
2025-07-10,-17.09347532356464,False
2025-07-11,-18.87664794717625,False
2025-07-12,-7.25068881943626,False
2025-07-13,-2.5039031898230757,False
2025-07-14,-3.5492405823512403,False
2025-07-15,-11.174494221879982,False
2025-07-16,-17.76236338517298,False
2025-07-17,-17.705779013338816,False
2025-07-18,-16.322328230959528,False
2025-07-19,-19.05966624407632,False
2025-07-20,-21.77548967918793,False
2025-07-21,-20.064744719699366,False
2025-07-22,-14.51349810726176,False
2025-07-23,-13.208299806151624,False
2025-07-24,-12.117722978702302,False
2025-07-25,-17.16215223225087,False
2025-07-26,-12.932228241458978,False
2025-07-27,-13.23227391405955,False
2025-07-28,-10.840413256213077,False
2025-07-29,-10.034110559800466,False
2025-07-30,-15.381205185800576,False
2025-07-31,-16.032621260698114,False
2025-08-01,-18.67502263278401,False
2025-08-02,-19.59561744339468,False
2025-08-03,-19.51684776214542,False
2025-08-04,-24.887883234079045,False
2025-08-05,-23.866184836486507,False
2025-08-06,-24.298590157502062,False
2025-08-07,-19.128835972028597,False
2025-08-08,-18.130210766943293,False
2025-08-09,-17.237765592905124,False
2025-08-10,-14.295280510579348,False
2025-08-11,-9.831222430566143,False
2025-08-12,-12.183226538518696,False
2025-08-13,-18.91379603241953,False
2025-08-14,-26.580041977922033,False
2025-08-15,-25.92979275530867,False
2025-08-16,-22.52467460501813,False
2025-08-17,-36.95939712649378,False
2025-08-18,-49.862280573558,False
2025-08-19,-50.27907861218872,True
2025-08-20,-30.950471961284766,False
2025-08-21,-13.71865896609858,False
2025-08-22,-14.123867868635111,False
2025-08-23,-16.501565637664736,False
2025-08-24,-22.588476736396235,False
2025-08-25,-20.484541205462058,False
2025-08-26,-22.226264453651577,False
2025-08-27,-34.049871489267986,False
2025-08-28,-41.06758077550532,False
2025-08-29,-39.11238492855191,False
2025-08-30,-22.377555300779296,False
2025-08-31,-14.498751267752837,False
2025-09-01,-2.2880979220210023,False
2025-09-02,-2.0933271805163405,False
2025-09-03,-6.8448836331743985,False
2025-09-04,-17.998875277452676,False
2025-09-05,-26.503060709590116,False
2025-09-06,-22.809241319409114,False
2025-09-07,-25.759608559055863,False
2025-09-08,-14.993062122949405,False
2025-09-09,-16.8688242241445,False
2025-09-10,-35.93550850939677,False
2025-09-11,-42.13930097725503,False
2025-09-12,-32.98573447145956,False
2025-09-13,-11.871797022675906,False
2025-09-14,-1.9993374831414858,False
2025-09-15,-5.6981358420817445,False
2025-09-16,-2.484897868268554,False
2025-09-17,-8.340193452915281,False
2025-09-18,-10.021611308523342,False
2025-09-19,-39.62657129558094,False
2025-09-20,-42.21703746145404,False
2025-09-21,-40.41159476958176,False
2025-09-22,-12.930490425762136,False
2025-09-23,-17.43571623637341,False
2025-09-24,-53.93958663592566,True
2025-09-25,-87.04295075220102,True
2025-09-26,-76.43462450284784,True
2025-09-27,-43.55940202549701,False
2025-09-28,-6.454652067092874,False
2025-09-29,-12.90824701070396,False
2025-09-30,-19.475717320546707,False
2025-10-01,-26.97937838129727,False
2025-10-02,-19.261795225792273,False
2025-10-03,-13.542281205802617,False
2025-10-04,-10.817953170784472,False
2025-10-05,-18.268861029916785,False
2025-10-06,-9.556342344307541,False
2025-10-07,-2.0789707653592147,False
2025-10-08,7.995502953532842,False
2025-10-09,-0.2572242463593912,False
2025-10-10,-5.578561952819264,False
2025-10-11,-20.520253084294964,False
2025-10-12,-13.976334538221662,False
2025-10-13,-19.82995069828178,False
2025-10-14,-12.896278245548102,False
2025-10-15,-23.193226060552576,False
2025-10-16,-20.87757516243562,False
2025-10-17,-25.093727141684937,False
2025-10-18,-23.13601807385683,False
2025-10-19,-22.93704157949796,False
2025-10-20,-21.78106703499947,False
2025-10-21,-16.016230345174964,False
2025-10-22,-18.279190704829134,False
2025-10-23,-15.203949817073358,False
2025-10-24,-13.665448854972354,False
2025-10-25,-11.298783140775859,False
2025-10-26,-15.052624411821732,False
2025-10-27,-20.84655952176497,False
2025-10-28,-14.074873230268544,False
2025-10-29,-31.163678497793004,False
2025-10-30,-32.3664371755024,False
2025-10-31,-35.14983140419308,False
2025-11-01,-19.5985191730239,False
2025-11-02,-14.748223952821713,False
2025-11-03,-15.049301326766802,False
2025-11-04,-11.871366611976645,False
2025-11-05,-37.565395104971174,False
2025-11-06,-42.74654802491207,False
2025-11-07,-39.3760447949729,False
2025-11-08,-11.491532333793913,False
2025-11-09,-10.494039632775262,False
2025-11-10,-10.799762163952968,False
2025-11-11,-24.063792248317487,False
2025-11-12,-23.85303218283111,False
2025-11-13,-25.81081472852065,False
2025-11-14,-21.10144032203971,False
2025-11-15,-22.5089948985693,False
2025-11-16,-25.055877392961236,False
2025-11-17,-20.248372811728405,False
2025-11-18,-17.25166338619552,False
2025-11-19,-23.533470093619865,False
2025-11-20,-33.18504161746562,False
2025-11-21,-34.86318625526882,False
2025-11-22,-24.07951497775473,False
2025-11-23,-26.586733738115402,False
2025-11-24,-26.158193731293224,False
2025-11-25,-30.093931501577117,False
2025-11-26,-13.550561017842389,False
2025-11-27,-13.09172756008732,False
2025-11-28,-9.454780195053921,False
2025-11-29,-14.443102747537859,False
2025-11-30,-21.42528141991521,False
2025-12-01,-19.884408492351973,False
2025-12-02,-19.587851030876674,False
2025-12-03,-9.032510552949512,False
2025-12-04,3.5996114062688442,False
2025-12-05,-5.598426373550661,False
2025-12-06,-0.7327143332045853,False
2025-12-07,-17.587455236551317,False
2025-12-08,-8.101687860944924,False
2025-12-09,-48.077053675937655,False
2025-12-10,-48.6242089319284,False
2025-12-11,-52.052856262495474,True
2025-12-12,-17.658242104255145,False
2025-12-13,-22.029991557349685,False
2025-12-14,-16.74834317430759,False
2025-12-15,-19.73115573614064,False
2025-12-16,-18.182738305615356,False
2025-12-17,-22.985106407685674,False
2025-12-18,-16.291731920694367,False
2025-12-19,-13.912794912597827,False
2025-12-20,-10.678929007776091,False
2025-12-21,-18.631350978088275,False
2025-12-22,-13.458323230328903,False
2025-12-23,-12.15010674800657,False
2025-12-24,-1.8318463119590305,False
2025-12-25,-5.565789493650371,False
2025-12-26,-5.633201229779561,False
2025-12-27,-12.635366404809426,False
2025-12-28,-6.749623495360509,False
2025-12-29,-12.299572264827058,False
2025-12-30,-9.71182117147371,False
2025-12-31,-15.674097483392496,False
2026-01-01,-13.055520641391565,False
2026-01-02,-15.668531955107197,False
2026-01-03,-13.88078118493376,False
2026-01-04,-14.088944648987601,False
2026-01-05,-13.597101854098987,False
2026-01-06,-8.293591209556958,False
2026-01-07,-3.886876294608252,False
2026-01-08,-21.814802648541814,False
2026-01-09,-29.949432982886037,False
2026-01-10,-37.4481950382602,False
2026-01-11,-16.557919184057734,False
2026-01-12,-11.231573909843076,False
2026-01-13,-1.783927893925851,False
2026-01-14,-8.02105263075378,False
2026-01-15,-12.443434422314345,False
2026-01-16,-24.89205377542001,False
2026-01-17,-24.046015695786583,False
2026-01-18,-19.141539032027406,False
2026-01-19,-14.449583898838462,False
2026-01-20,-10.317780293791676,False
2026-01-21,-15.06607476010071,False
2026-01-22,-11.903865130301677,False
2026-01-23,-19.05654987036764,False
2026-01-24,-17.95369964784079,False
2026-01-25,-31.214471644329922,False
2026-01-26,-27.371290717715198,False
2026-01-27,-34.234021491111356,False
2026-01-28,-17.4454995413212,False
2026-01-29,-40.139177052536304,False
2026-01-30,-31.750600149811415,False
2026-01-31,-30.490553307361157,False
2026-02-01,-10.844957246797472,False
2026-02-02,-28.325443806650274,False
2026-02-03,-30.68070245824626,False
2026-02-04,-27.83125752382269,False
2026-02-05,-7.6749743031024344,False
2026-02-06,-15.82891460979051,False
2026-02-07,-42.17954785595456,False
2026-02-08,-49.156387337645135,False
2026-02-09,-46.84712412025467,False
2026-02-10,-23.776500296255836,False
2026-02-11,-16.449809134915736,False
2026-02-12,-15.369315904139006,False
2026-02-13,-9.733065459670476,False
2026-02-14,-16.906803193706498,False
2026-02-15,-23.15379879442124,False
2026-02-16,-23.48358923428307,False
2026-02-17,-28.851203670307456,False
2026-02-18,-21.84332665245526,False
2026-02-19,-28.396816241352187,False
2026-02-20,-49.06683370335545,False
2026-02-21,-72.07437779963021,True
2026-02-22,-66.17810247921305,True
2026-02-23,-32.804238404912006,False
2026-02-24,-12.907422034158314,False
2026-02-25,-11.156519684563863,False
2026-02-26,-15.412104660307683,False
2026-02-27,-10.970760425110063,False
2026-02-28,-8.055263939363362,False
2026-03-01,-5.9245372631190065,False
2026-03-02,-5.825722937153593,False
2026-03-03,-17.53468668249385,False
2026-03-04,-24.30484027473091,False
2026-03-05,-25.950570660413902,False
2026-03-06,-18.957531418394115,False
2026-03-07,-19.638161135971952,False
2026-03-08,-9.500618699275373,False
2026-03-09,-3.8085319753676856,False
2026-03-10,3.1207562048979427,False
2026-03-11,-6.2378030522807615,False
2026-03-12,-13.152215152899663,False
2026-03-13,-19.36836227455854,False
2026-03-14,-19.34658764561807,False
2026-03-15,-17.466741605442458,False
2026-03-16,-18.626110067280013,False
2026-03-17,-17.59932647237587,False
2026-03-18,-19.25137282824587,False
2026-03-19,-21.91556075782894,False
2026-03-20,-26.69380646992654,False
2026-03-21,-27.727192408314114,False
2026-03-22,-12.54521154744379,False
2026-03-23,-6.87745900619075,False
2026-03-24,-10.564963148903738,False
2026-03-25,-16.171568620593952,False
2026-03-26,-24.58699707448245,False
2026-03-27,-14.914306582534588,False
2026-03-28,-18.74295034747665,False
2026-03-29,-12.92827914667987,False
2026-03-30,-11.955856772059406,False
2026-03-31,-15.220012439124892,False
2026-04-01,-20.43394042462017,False
2026-04-02,-28.07152432017295,False
2026-04-03,-18.769354641758685,False
2026-04-04,-19.25826620321409,False
2026-04-05,-28.252491290272342,False
2026-04-06,-34.21064212798561,False
2026-04-07,-25.926294626434558,False
2026-04-08,-9.796625235036963,False
2026-04-09,-9.844635249742565,False
2026-04-10,-13.697304877850257,False
2026-04-11,-13.882748939782585,False
2026-04-12,-19.50907029022267,False
2026-04-13,-19.417446962490697,False
2026-04-14,-23.271354339813456,False
2026-04-15,-49.21643520252585,False
2026-04-16,-49.70157887455735,False
2026-04-17,-50.325510387434214,True
2026-04-18,-26.854772139592097,False
2026-04-19,-27.44853901616396,False
2026-04-20,-25.77226821276945,False
2026-04-21,-19.748134936136214,False
2026-04-22,-16.879204400442433,False
2026-04-23,-16.905749247449506,False
2026-04-24,-14.346769913861849,False
2026-04-25,-13.900851716233953,False
2026-04-26,-19.539271980583194,False
2026-04-27,-18.99552029593632,False
2026-04-28,-17.236510701565717,False
2026-04-29,-12.75768859655353,False
2026-04-30,-14.277368556025086,False
2026-05-01,-15.821367617218803,False
2026-05-02,-13.590820298546069,False
2026-05-03,-19.44446033460024,False
2026-05-04,-15.70502969193982,False
2026-05-05,-19.90848780921058,False
2026-05-06,-10.006762961939748,False
2026-05-07,-9.854071527182427,False
2026-05-08,-36.80606706072453,False
2026-05-09,-41.34579080339564,False
2026-05-10,-47.28897328147937,False
2026-05-11,-22.126972877710696,False
2026-05-12,-12.349462564653274,False
2026-05-13,-14.622356156457627,False
2026-05-14,-13.70952918990738,False
2026-05-15,-19.83171936684271,False
2026-05-16,-21.213229095839893,False
2026-05-17,-20.57376482491748,False
2026-05-18,-41.89298091474095,False
2026-05-19,-38.41582442796664,False
2026-05-20,-37.20664901654138,False
2026-05-21,-18.822317502923298,False
2026-05-22,-23.548757122116317,False
2026-05-23,-21.888836841159574,False
2026-05-24,-12.751776104777122,False
2026-05-25,-6.620288344920303,False
2026-05-26,-7.005604721287059,False
2026-05-27,-41.71589031013497,False
2026-05-28,-46.86681881945552,False
2026-05-29,-40.957816655927296,False
2026-05-30,-12.457948167977143,False
2026-05-31,-0.8531985854339107,False
2026-06-01,-10.59538920004829,False
2026-06-02,-4.1324566955082,False
2026-06-03,-7.559262315725502,False
2026-06-04,-2.4149699902201114,False
2026-06-05,-8.751119863038818,False
2026-06-06,-12.84585631147575,False
2026-06-07,-10.255890020989693,False
2026-06-08,-10.630548359010096,False
2026-06-09,-17.504712701060907,False
2026-06-10,-26.775585181784407,False
2026-06-11,-28.08040766994758,False
2026-06-12,-18.97213292293675,False
2026-06-13,-14.729741031708327,False
2026-06-14,-9.110474863762684,False
2026-06-15,-18.154878252579405,False
2026-06-16,-17.35417255095918,False
2026-06-17,-29.501972611682447,False
2026-06-18,-18.658715973591278,False
2026-06-19,-19.61090257737993,False
2026-06-20,-10.660545787734838,False
2026-06-21,-17.154926812030578,False
2026-06-22,-43.84647952975473,False
2026-06-23,-41.3580207616158,False
2026-06-24,-35.56831170720918,False
2026-06-25,-9.01699311917078,False
2026-06-26,-10.864462634225655,False
2026-06-27,-16.026210118222604,False
2026-06-28,-12.085918494685991,False
2026-06-29,-7.807424058570835,False
2026-06-30,-0.6974115467046946,False
2026-07-01,-7.038044062017181,False
2026-07-02,-12.190298370220452,False
2026-07-03,-21.645306785171787,False
2026-07-04,-16.437335661239448,False
2026-07-05,-16.080591278881702,False
2026-07-06,-18.38729046197577,False
2026-07-07,-25.323987082327932,False
2026-07-08,-28.258956320753157,False
2026-07-09,-21.983129951187802,False
2026-07-10,-42.38349768846052,False
2026-07-11,-39.695027184076714,False
2026-07-12,-37.48569375975136,False
2026-07-13,-13.215267174743266,False
2026-07-14,-34.05270510906514,False
2026-07-15,-30.863771039160934,False
2026-07-16,-23.465066058893672,False
2026-07-17,-6.117788977366686,False
2026-07-18,-12.761285151652222,False
2026-07-19,-17.41808294235742,False
2026-07-20,-16.915954525959215,False
2026-07-21,-15.024875659992867,False
2026-07-22,-14.03109371474217,False
2026-07-23,-20.236400545783393,False
2026-07-24,-14.405602443719777,False
2026-07-25,-17.0734929533011,False
2026-07-26,-11.08204118152065,False
2026-07-27,-16.71218709781712,False
2026-07-28,-17.15319177505241,False
2026-07-29,-22.43202441058339,False
2026-07-30,-16.09533488388465,False
2026-07-31,-15.779749774884252,False
2026-08-01,-7.082936039315048,False
2026-08-02,-9.25648986683182,False
2026-08-03,-13.506442226155498,False
2026-08-04,-13.384563151804082,False
2026-08-05,-18.26132659769543,False
2026-08-06,-10.789593666588255,False
2026-08-07,-21.192390944135152,False
2026-08-08,-20.51820378150505,False
2026-08-09,-26.316569505506873,False
2026-08-10,-16.078608021564268,False
2026-08-11,-49.04581062337164,False
2026-08-12,-79.94714990325782,True
2026-08-13,-84.52489716249863,True
2026-08-14,-51.603978833955495,True
2026-08-15,-21.87792584019429,False
2026-08-16,-15.66129560168161,False
2026-08-17,-16.695462929242076,False
2026-08-18,-24.73684689726781,False
2026-08-19,-29.604069905563538,False
2026-08-20,-32.28141638714965,False
2026-08-21,-27.178566771706866,False
2026-08-22,-30.628985098109933,False
2026-08-23,-26.03717592740216,False
2026-08-24,-14.197509352565453,False
2026-08-25,-7.9950649042152415,False
2026-08-26,-10.858712344410081,False
2026-08-27,-14.349658876720193,False
2026-08-28,-17.438758013056084,False
2026-08-29,-17.791145936845698,False
2026-08-30,-24.232213390460448,False
2026-08-31,-29.403167376591355,False
2026-09-01,-28.184460726176564,False
2026-09-02,-22.934796093564092,False
2026-09-03,-16.313975546616778,False
2026-09-04,-16.418148432168433,False
2026-09-05,-20.833346634636086,False
2026-09-06,-18.013867187836652,False
2026-09-07,-21.618527155833558,False
2026-09-08,-14.731431257672533,False
2026-09-09,-21.173284100119304,False
2026-09-10,-18.914497369745103,False
2026-09-11,-27.885749787581716,False
2026-09-12,-25.88249029941736,False
2026-09-13,-18.971499516093306,False
2026-09-14,-11.041846399854771,False
2026-09-15,-5.122549364200085,False
2026-09-16,-6.935229014376257,False
2026-09-17,-13.412420682273558,False
2026-09-18,-18.649266027695926,False
2026-09-19,-23.858632727901522,False
2026-09-20,-14.121653797623884,False
2026-09-21,-17.585651486018904,False
2026-09-22,-10.890064211992609,False
2026-09-23,-12.640548347713692,False
2026-09-24,-0.5349129551440969,False
2026-09-25,-5.748450083218532,False
2026-09-26,-6.47097692533296,False
2026-09-27,-4.662850386041937,False
2026-09-28,-5.494670723258733,False
2026-09-29,-14.484120351708823,False
2026-09-30,-31.130767833495245,False
2026-10-01,-25.809353010315135,False
2026-10-02,-27.201792852420027,False
2026-10-03,-21.171028928540668,False
2026-10-04,-22.272624295830152,False
2026-10-05,-13.99932131627616,False
2026-10-06,-10.808265647787778,False
2026-10-07,-41.69270696940611,False
2026-10-08,-37.3179458634722,False
2026-10-09,-42.828990843164064,False
2026-10-10,-16.4017828235357,False
2026-10-11,-24.60788385787257,False
2026-10-12,-17.477851087466945,False
2026-10-13,-11.168276180052564,False
2026-10-14,-6.272737121695234,False
2026-10-15,-4.859529701585963,False
2026-10-16,-13.173287524671741,False
2026-10-17,-8.309292355741226,False
2026-10-18,-6.950312536451904,False
2026-10-19,0.7043389220366064,False
2026-10-20,1.1626381109162978,False
2026-10-21,-11.556809206643832,False
2026-10-22,-16.597089740677426,False
2026-10-23,-26.665499218489476,False
2026-10-24,-17.153089092749006,False
2026-10-25,-19.255859506106983,False
2026-10-26,-13.284665066029229,False
2026-10-27,-10.688437785071748,False
2026-10-28,-3.7070632263271697,False
2026-10-29,-5.602039729031108,False
2026-10-30,-15.035677668620957,False
2026-10-31,-21.20389313345841,False
2026-11-01,-17.34042160691775,False
2026-11-02,-10.271532227693426,False
2026-11-03,-7.040206440702143,False
2026-11-04,-13.71032024495237,False
2026-11-05,-24.930947753019208,False
2026-11-06,-29.05827935024679,False
2026-11-07,-19.740964818624334,False
2026-11-08,-16.75955561018869,False
2026-11-09,-11.718226650566614,False
2026-11-10,-15.334127106344715,False
2026-11-11,-15.231995494344014,False
2026-11-12,-15.251072880104006,False
2026-11-13,-15.52918662284218,False
2026-11-14,-10.459498663204007,False
2026-11-15,0.2752716603387337,False
2026-11-16,-10.150787525216666,False
2026-11-17,-5.965870693310152,False
2026-11-18,-40.26548219741111,False
2026-11-19,-30.503404542551632,False
2026-11-20,-32.973090055290164,False
2026-11-21,-13.079715562296265,False
2026-11-22,-15.251410611805605,False
2026-11-23,-24.44824502419574,False
2026-11-24,-19.102630233470176,False
2026-11-25,-43.58772398409161,False
2026-11-26,-33.601477503926056,False
2026-11-27,-31.78199420586303,False
2026-11-28,-6.742406664240108,False
2026-11-29,-8.704689659619413,False
2026-11-30,-16.461436306613184,False
2026-12-01,-20.78079872204823,False
2026-12-02,-16.626217920532014,False
2026-12-03,-7.356602951062929,False
2026-12-04,-5.460161641714943,False
2026-12-05,-10.023089133411169,False
2026-12-06,-19.386888256210145,False
2026-12-07,-13.743419129892152,False
2026-12-08,-11.265762824138134,False
2026-12-09,0.1175644216919262,False
2026-12-10,-8.086755268096807,False
2026-12-11,-12.26045415893679,False
2026-12-12,-19.099540214689497,False
2026-12-13,-13.000289755067461,False
2026-12-14,-12.350928709185121,False
2026-12-15,-16.768556761102214,False
2026-12-16,-15.828884796311009,False
2026-12-17,-47.436676352796574,False
2026-12-18,-47.60992839323668,False
2026-12-19,-45.71378730450897,False
2026-12-20,-8.562530361046468,False
2026-12-21,-4.3602479698003975,False
2026-12-22,-9.463627724718235,False
2026-12-23,-11.92819147704102,False
2026-12-24,-15.912189747057226,False
2026-12-25,-16.110455279905043,False
2026-12-26,-26.93622054280539,False
2026-12-27,-19.98358567976862,False
2026-12-28,-26.349684486192388,False
2026-12-29,-11.726470994039667,False
2026-12-30,-16.552773951917214,False
2026-12-31,-7.96020159322466,False
